"DISTMEDIC CARABOBO, C.A.",Unnamed: 1,Unnamed: 2,Unnamed: 3,Unnamed: 4,Unnamed: 5,Unnamed: 6,Unnamed: 7
J408155990,,,,,,,
,,,,,,,
,,,,,,,
,,FELIZ INICIO DE SEMANA A TODA NUESTRA DISTINGUIDA CLIENTELA,,,,,
,,ESTE LISTADO CADUCA EL DIA VIERNES 18-11-22,,,,,
,,PRECIOS SUJETOS A CAMBIO SIN PREVIO AVISO,,,,,
,,,,,,,
,,,,,,,
DESCUENTOS,DESCUENTOS 10%,DESCUENTOS 10%,,DESCUENTOS 10%,,,
,,,,,,,
,,,2022-11-14 00:00:00,,,,
Código,Descripción,Total Existe,Garantía,ANTES,AHORA,PEDIDO,TOTAL
4196,COMPRESA REUTILIZABLE APLIC EN FRIO Y CALIENTE UNID FRIOPAK ,14,,7.55,7.02,,0
3087,BARROCUTINA TEENS GEL LIMPIADOR FACIAL 120 ML FC PHARMA,3,2023-11-01 00:00:00,4.7,4.36,,0
3086,BARROCUTINA TEENS TONICO FACIAL ASTRINGENTE 120ML FC FARMA,5,2024-11-01 00:00:00,5.97,5.54,,0
707,BACITRACINA 15GR UNG TOP RONAVA,92,2025-06-01 00:00:00,2.41,2.24,,0
1066,FOSFOLIT SOL ORAL X 45 ML GC,40,2023-10-01 00:00:00,11.93,11.08,,0
3432,ATROVERAN BUTILBROMURO DE HIOSCINA 10MG X 10 TAB VARGAS ,85,2024-03-01 00:00:00,5.68,5.28,,0
61,AFLAMAX DICLOFENAC POTASICO 50MG X 10TAB OFTALMI,1014,2024-09-01 00:00:00,1.5,1.39,,0
218,APIRET 180MG 5ML 60ML OFTALMI,300,2024-09-01 00:00:00,1.8,1.53,,0
3299,NAUSILON DIMENI+PIRIDOXINA 25-5 MG/ML GOTAS IMPORTADO,76,2022-12-01 00:00:00,1.23,1.06,,0
,,,,,,,0
,NUEVOS INGRESOS EN AMARILLO,,,,,,
Código,Descripción,Total Existe,Garantía,PRECIO $  ,Descuento 6%,PEDIDO,TOTAL
1647,ACECLOFENACO PRAFENAC 100MG X 10 TAB ADN MEDICAL,20,2024-02-01 00:00:00,0.59,0.5546,,0
3041,ACEITE DE ALMENDRAS 30 ML LYA ,8,2025-02-01 00:00:00,2.34,2.1995999999999998,,0
3233,ACEITE DE COCO 30 ML LYA ,17,2025-06-01 00:00:00,2.42,2.2748,,0
946,ACETAB ACETAZOLAMIDA 250MG X 20TAB OFTALMI,78,2024-09-01 00:00:00,7.18,6.7492,,0
190,ACETAMINOFEN + TRAMADOL 325/37.5 MG X 30 TAB DAC,100,2024-10-01 00:00:00,3.08,2.8952,,0
271,ACETAMINOFEN 100MG GOTAS QUIMFAR,94,2023-06-01 00:00:00,1.6,1.504,,0
105,ACETAMINOFEN ACEVAL 650MG X 10 TAB VALMORCA,48,2026-07-01 00:00:00,1.53,1.4382000000000001,,0
4182,ACETAMINOFEN BREXIN FORTE 650 MG X 10 TAB COFASA,374,2024-09-01 00:00:00,0.91,0.8554,,0
3396,ACETAMINOFEN+IBUPROFENO+CAFEINA X 10 TAB JMW,24,2024-07-01 00:00:00,1.4,1.3159999999999998,,0
3397,ACETAMINOFEN+TIOCOLCHICOSIDO 500MG/4MG X 10 TAB BLISTER JMW,53,2024-08-01 00:00:00,5.1,4.794,,0
1507,ACETATO DE DEXAMETASONA 1MG/G X 10 G CREMA IMPORTADO,5,2024-01-01 00:00:00,1.74,1.6356,,0
2089,ACICLOVIR 5% 15G CREMA UNILINK,10,2023-10-01 00:00:00,1.48,1.3912,,0
1868,ACIDO ACELTISALICILICO NORPRIM 81MG X 100 TAB FARQUI,10,2024-09-01 00:00:00,4.06,3.8164,,0
1578,ACIDO ACETILSALICILICO 81MG X 30 COMP SPEFAR,41,2024-05-01 00:00:00,2.88,2.7072,,0
4335,ACIDO ACETILSALICILICO CORATAB 81 MG X 30 TAB COFASA,36,2025-10-01 00:00:00,2.25,2.115,,0
4128,ACIDO ACETLSALICILICO 81 MG X 10 TAB BLISTER BRIXMEDIC ,90,2025-03-01 00:00:00,0.5,0.47,,0
1900,ACIDO FOLICO 1 ML X 1 MG/ML AMP ECAR,44,2024-01-01 00:00:00,2.73,2.5662,,0
4158,ACIDO FOLICO 10MG X 20 COMP CALOX,38,2025-05-01 00:00:00,1.65,1.551,,0
702,ACIDO FOLICO 10MG X 20 COMP GC,30,2024-06-01 00:00:00,1.4,1.3159999999999998,,0
827,ACIDO FOLICO 10MG X 30 TAB GENCER,9,2027-03-01 00:00:00,2.38,2.2372,,0
1135,ACIDO FOLICO 5MG AFOLIC X 20 TAB IMPORTADO,13,2023-05-01 00:00:00,1.72,1.6168,,0
1145,ACIDO FOLICO 5MG X 10 TAB BLISTER CAPLINT,614,2023-10-01 00:00:00,0.34,0.3196,,0
4007,ACIDO FOLICO AFOPIC 5 MG X 20 TAB TEUTO IMPORTADO ,6,2024-08-01 00:00:00,0.95,0.893,,0
3398,ACIDO TRANEXAMICO  500 MG X 10 TAB BLISTER JMW,12,2024-11-01 00:00:00,3.22,3.0268,,0
2034,ACIDO TRANEXAMICO 500MG/5ML AMP JMW,88,2023-08-01 00:00:00,1.68,1.5792,,0
2050,ACIDO TRANEXANICO 500MG/5ML X 1 AMP VITALIS,6,2023-05-01 00:00:00,2.35,2.209,,0
3326,ADHESIVO QUIRURGICO  1/2 X 10YD BLANCO MICROPORE 3M ,216,2026-08-01 00:00:00,0.61,0.5734,,0
3190,ADHESIVO QUIRURGICO BLANCO 1 X 10YD MICROPORE 3M,104,2026-08-01 00:00:00,1.23,1.1562,,0
456,ADRENALINA 1ML X 1MG/ML I.V AMP BIOSANO,16,2023-05-01 00:00:00,0.48,0.4512,,0
4342,ADRENALINA ADRENAPRA 1ML I.M./ I.V AMP ADN MEDICAL,40,2024-05-01 00:00:00,0.38,0.3572,,0
4288,AERODINI SULFATO DE SALBUTAMOL 200 DOSIS SPRAY IMPORTADO,50,2024-07-01 00:00:00,5.5,5.17,,0
1151,AGUA DESTILADA  1000 ML  BIOFARCO,1,2023-08-01 00:00:00,3.25,3.055,,0
982,AIRFEN SOL GOTAS NASAL PED 15ML COFASA,30,2023-07-01 00:00:00,4.54,4.2676,,0
63,AIRON MONTELUKAST 10MG 10 TAB OFTALMI,60,2024-08-01 00:00:00,2.8,2.6319999999999997,,0
588,AIRON MONTELUKAST 4MG X 10 TAB OFTALMI,40,2024-09-01 00:00:00,1.86,1.7484000000000002,,0
1672,ALBENDAZOL ALBEL 40MG/ML X 10 ML SUSP IMPORTADO GEOLAB,387,2023-08-01 00:00:00,1.16,1.0903999999999998,,0
4301,ALBENDAZOL TUTI FRUTI 200MG X 2 TAB CALOX,6,2024-07-01 00:00:00,1.05,0.9870000000000001,,0
3044,ALCANFOR 10G SOBRE LYA,3,2025-04-01 00:00:00,2.87,2.6978,,0
1778,ALCOHOL 70 % ISOPROPILICO GALON ALNA,4,00:00:00,23.13,21.7422,,0
1372,ALCOHOL 70% 950CC ALNA ,5,2023-07-01 00:00:00,3.92,3.6848,,0
1223,ALCOHOL 70% SPRAY 180ML VINCENTI,13,2024-03-01 00:00:00,3.21,3.0174,,0
3166,ALDER HIDRATANTE PIEL EXTRA SECA Y SENSIBLE 207ML CREMA VITA,7,2023-09-01 00:00:00,6,5.64,,0
3165,ALDER HIDRATANTE PIEL SECA Y SENSIBLE 207ML CREMA VITA,8,2023-08-01 00:00:00,6,5.64,,0
1164,"ALERGOT 0,50 SOL OFT 5ML OFTALMI",36,2024-09-01 00:00:00,5.4,5.0760000000000005,,0
1046,ALFADYN SOL OFT X 5ML OFTALMI,36,2024-03-01 00:00:00,6.89,6.4765999999999995,,0
983,ALGOREN 40MG X 20 TAB RONAVA,47,2026-03-01 00:00:00,3.88,3.6471999999999998,,0
3355,ALIVIAMED 25MG GEL ROLL ON LYA,5,2023-10-01 00:00:00,2.6,2.444,,0
4099,ALIVIAMED 50 GR CREMA LYA,4,2024-03-01 00:00:00,2.87,2.6978,,0
4313,ALPRAMACK ALPRAZOLAM 1MG X 30 TAB CALOX,12,2024-06-01 00:00:00,2.73,2.5662,,0
4353,ALRES 500MG/3MG/2MG X10 TAB ELMOR,48,2024-10-01 00:00:00,2.63,2.4722,,0
3446,ALRES FORTE X 6 SOBRES SOLUCION ORAL ELMOR,18,2024-09-01 00:00:00,4.93,4.6342,,0
3174,AMBROXOL MUCOMAX PLUS 5MG-30MG/5ML JBE ADU 60ML KIPHARM,30,2024-06-01 00:00:00,4.14,3.8915999999999995,,0
2,AMIKACINA 100MG AMP BIOSANO,24,2023-06-01 00:00:00,0.85,0.7989999999999999,,0
4160,AMIKACINA 500MG 2ML IM/IV AMP BRIXMEDIC,4,2023-07-01 00:00:00,1.85,1.739,,0
4338,AMIKACINA AMICOPRA 500MG/2ML I.M.I.V. AMP ADN MEDICAL,50,2025-01-01 00:00:00,1.11,1.0434,,0
3303,AMINOFILINA 25 MG/10ML I.V. AMP BRIXMEDIC ,26,2023-06-01 00:00:00,1.16,1.0903999999999998,,0
4277,AMIODARONA 200MG X 10 TAB BLISTER JMW,20,2024-10-01 00:00:00,4.34,4.0796,,0
562,AMIODARONA 200MG X 10 TAB GENCER,21,2027-02-01 00:00:00,5.68,5.3392,,0
4348,AMLODIPINA 10 MG X 10 TAB ADN MEDICAL,40,2025-01-01 00:00:00,0.59,0.5546,,0
2035,AMLODIPINA 10 MG X 10 TAB BLISTER ECAR,40,2023-10-01 00:00:00,4.97,4.6718,,0
3038,AMLODIPINA 10 MG X 20 TAB KIMICEG ,18,2024-03-01 00:00:00,1.79,1.6826,,0
756,AMLODIPINA 10MG X 10 TAB CALOX,40,2024-02-01 00:00:00,1.41,1.3254,,0
1519,AMLODIPINA 10MG X 30 TAB GEOLAB IMPORTADO,11,2023-03-01 00:00:00,2.18,2.0492000000000004,,0
4339,AMLODIPINA 5 MG X 10 TAB ADN MEDICAL,40,2025-06-01 00:00:00,0.39,0.36660000000000004,,0
2036,AMLODIPINA 5 MG X 10 TAB BLISTER ECAR,52,2024-02-01 00:00:00,0.49,0.4606,,0
1751,AMLODIPINO 10MG X 20COMP SPEFAR,69,2023-01-01 00:00:00,2.21,2.0774,,0
1750,AMLODIPINO 5MG X 20 COMP SPEFAR ,78,2023-01-01 00:00:00,1.93,1.8142,,0
301,AMOXICILINA AMOXIVAL 250MG 90ML SUSP PED VALMORCA,5,2024-02-01 00:00:00,5.81,5.461399999999999,,0
879,AMOXICILINA AMOXIVAL 500MG X 12 CAPS VALMORCA,23,2024-10-01 00:00:00,4.19,3.9386000000000005,,0
4178,AMOXICILINA+AC CLAV AMOKLAVIN 1000MG X 14TAB DEVA IMPORTADO(POLINAC),16,2026-01-01 00:00:00,12.07,11.3458,,0
4304,AMOXICILINA+ACIDO CLAVULANICO875MG 125MG X 14 TAB CALOX,15,2024-05-01 00:00:00,14.06,13.22,,0
844,AMPICILINA SODICA 1G AMP BIOSANO,27,2023-04-01 00:00:00,0.84,0.7896,,0
5,AMPICILINA SODICA 500MG AMP BIOSANO,101,2023-05-01 00:00:00,0.63,0.5922000000000001,,0
7,"AMPICILINA SULBACTAN 1,5 MG I.M.-I.V. AMP JL VZLA",20,2025-04-01 00:00:00,1.4,1.3159999999999998,,0
1192,ANALPER CAF 500MG 40MG X 10TAB LA SANTE,9,2023-03-01 00:00:00,2.86,2.6883999999999997,,0
1263,ANALPER FORTE 650MG X 10TAB LA SANTE,2,2024-03-01 00:00:00,1.92,1.8048,,0
1107,ANGRIP DIA COMP X 8  KLINOS,15,2025-03-01 00:00:00,2.94,2.7636,,0
3065,ANIS ESTRELLADO 5G SOBRE FSI,25,2024-08-01 00:00:00,0.87,0.8178,,0
1402,ANTIBACTERIAL GEL GALON 3 LITROS BRICKMAN,8,00:00:00,15.27,14.3538,,0
478,ANTIFOM 40MG X 10 COMP VARGAS,22,2024-03-01 00:00:00,5.25,4.935,,0
1925,ANTIFOM FORTE 160MG X 10 COMP VARGAS,33,2024-05-01 00:00:00,6.27,5.8938,,0
4228,APIRET ACETAMINOFEN 250 MG X 6 SUPOSITORIOS OFTALMI,27,2024-08-01 00:00:00,3.01,2.8293999999999997,,0
1180,APLICADOR CON ALGODON X100 INSUMEDICAL,37,2023-12-01 00:00:00,2.44,2.2936,,0
839,ARESAN 20MG X 15 BLISTER DISPENSADOR BIOTECH,1,2023-03-01 00:00:00,26.6,25.004,,0
297,ATORVASTATINA 20MG X 10 TAB BLISTER ECAR,20,2023-06-01 00:00:00,0.91,0.8554,,0
1347,ATORVASTATINA 20MG X 20 TAB GENCER,56,2023-06-01 00:00:00,4.41,4.1454,,0
3380,ATORVASTATINA 20MG X 30 TAB ADN MEDICAL,54,2023-01-01 00:00:00,2.1,1.9740000000000002,,0
1348,ATORVASTATINA 40MG X 20 TAB GENCER,66,2026-08-01 00:00:00,7.22,6.7867999999999995,,0
3351,ATORVASTATINA 40MG X 30 TAB DAC,155,2025-01-01 00:00:00,3.67,3.4497999999999998,,0
3112,ATORVASTATINA ATORVACOF  20MG X 14 TAB COFASA,27,2023-03-01 00:00:00,3.79,3.5626,,0
1654,ATROBEL 15ML GOTAS RONAVA,25,2023-09-01 00:00:00,3.67,3.4497999999999998,,0
4344,ATROPINA ATROPRA 1 MG/ML I.M./I.V.  AMP ADN MEDICAL,100,2025-05-01 00:00:00,0.25,0.235,,0
3406,ATROVERAN BUTILBROMURO DE HIOSCINA 10MG X 15ML GOTAS VARGAS ,8,2024-03-01 00:00:00,5.74,5.3956,,0
3288,AZITROMICINA 500 MG X 10 TAB BLISTER JMW,61,2024-05-01 00:00:00,7.56,7.1064,,0
4151,AZITROMICINA 500 MG X 3 TAB CALOX,85,2024-02-01 00:00:00,2.23,2.0962,,0
1544,AZITROMICINA 500MG X 3TAB DAC,100,2025-01-01 00:00:00,1.95,1.833,,0
3274,AZITROMICINA 500MG X 5 TAB ADN MEDICAL ,24,2024-12-01 00:00:00,3.64,3.4216,,0
1146,AZITROMICINA 500MG X 5 TAB GENCER,83,2027-03-01 00:00:00,4.2,3.9480000000000004,,0
381,AZTREONAM 1 GR AMP VITALIS,8,2024-07-01 00:00:00,6.99,6.570600000000001,,0
4000,AZUFRE 20GR CREMA TARRO FSI,12,2025-07-01 00:00:00,5.45,5.123,,0
4003,AZUFRE 20GR POLVO LYA,20,2025-06-01 00:00:00,1.61,1.5134,,0
4100,AZUFRE 30GR CREMA LYA,4,2024-04-01 00:00:00,2.31,2.1714,,0
4083,BACITRACINA 500UI/G UNG DAC,92,2023-12-01 00:00:00,2.14,2.0116,,0
908,BACTEVAL 250MG/50MG X 24 CAPS VALMORCA,24,2024-09-01 00:00:00,6.79,6.3826,,0
1233,BAJA LENGUA DE MADERA 100 UND INSUMEDICAL,1,2023-12-01 00:00:00,4.22,3.9667999999999997,,0
3037,BALSADER POMADA 30 G KIMICEG,26,2027-06-01 00:00:00,1.97,1.8518,,0
1690,BATAS ESTERILES MANGA LARGA CON PUÑO DE GOMA ,40,00:00:00,3.74,3.5156,,0
345,BENCIDAMINA TOPICO BUCAL X 120 ML COFASA,16,2026-05-01 00:00:00,4.28,4.0232,,0
1203,BENFLUX AMBROXOL 30MG  X 20 TAB POLINAC,54,2024-06-01 00:00:00,5.29,4.9726,,0
547,"BETADERM 0,05% CREMA 15 GR BIOTECH",14,2023-10-01 00:00:00,3.54,3.3276,,0
3295,BETRICORT CETOCONAZOL+BETAMET+NEOMI 30 G CREMA GEOLAB,170,2023-08-01 00:00:00,3.23,3.0362,,0
2073,BICARBONATO DE SODIO 5% X 100 ML BEHRENS,1,2023-11-01 00:00:00,6.36,5.978400000000001,,0
4059,BISOPROLOL ANTAAR 10MG X 10 TAB CALOX,23,2024-03-01 00:00:00,3.02,2.8388,,0
1108,BISOPROLOL ANTAAR 5MG X 10 TAB CALOX,21,2025-02-01 00:00:00,2.35,2.209,,0
449,BISOPROLOL BIPROLIL 5MG X 15TAB VARGAS,16,2023-07-01 00:00:00,3.86,3.6284,,0
1649,BISOPROLOL PRABISO 5MG X 30 TAB ADN MEDICAL,48,2024-02-01 00:00:00,1.4,1.3159999999999998,,0
4064,BLOKXA 10 MG X 14 TAB CALOX,22,2024-02-01 00:00:00,7.84,7.3696,,0
4065,BLOKXA 15 MG X 14 TAB CALOX,22,2023-11-01 00:00:00,8.02,7.538799999999999,,0
1290,BOLSA PARA DESECHOS BIOLOGICOS 20 LITROS UND,25,2022-03-01 00:00:00,0.94,0.8835999999999999,,0
4212,BOLSA PARA DESECHOS BIOLOGICOS 60 LITROS UND,8,,2.52,2.3688000000000002,,0
3163,BOROCANFOR RELAX BARRA ANTI-ROCE 14G CREMA VITA,12,2023-11-01 00:00:00,3.41,3.2054,,0
789,BRODILIN JARABE 120ML PED ZUOZ,1,2024-03-01 00:00:00,4.89,4.5966,,0
70,BROMEXINA 4MG 5ML 120ML JARABE PED QUIMFAR,121,2024-05-01 00:00:00,1.93,1.8142,,0
1644,BROMEXINA 8MG/5ML X 120 ML JARABE QUIMFAR  ,5,2023-07-01 00:00:00,1.96,1.8424,,0
3314,BROMEXINA LISOMUCIN  8MG/5ML 120ML JAB POLINAC,7,2025-03-01 00:00:00,3.45,3.2430000000000003,,0
4346,BROMHEXINA HCL BROMOPRA 8MG/5ML X 120 ML JAB AD  ADN MEDICAL,50,2025-03-01 00:00:00,1.82,1.7108,,0
464,BROMURO DE IPATROPIO 20ML SOL NEBULIZAR IMPORTADO,312,2023-08-01 00:00:00,0.77,0.7238,,0
4084,BROMURO DE ROCURONIO ROCUHEM 50MG/5 ML AMP ADN MEDICAL,30,2023-06-01 00:00:00,8.05,7.567000000000001,,0
1115,BROXOL FLEM 30ML GOTAS LA SANTE,2,2024-05-01 00:00:00,4.54,4.2676,,0
1112,BROXOL GRIP GOTAS PED 30ML LA SANTE,2,2024-05-01 00:00:00,2.53,2.3781999999999996,,0
1475,BRUCEN CON PHANTENOL LOCION 250ML BRUFARMA,30,2024-11-01 00:00:00,7.88,7.4072,,0
3452,BRUCEN CON PHANTENOL LOCION 400ML BRUFARMA,4,2025-02-01 00:00:00,10.26,9.6444,,0
1759,BRUCEN CREMA NUTRITIVA Y RESTAURADORA 80G BRUPHARM,30,2025-02-01 00:00:00,7.84,7.3696,,0
229,BRUGESIC 200MG X 10 COMP ELMOR,93,2024-09-01 00:00:00,1.25,1.175,,0
71,BRUGESIC 400 MG X 10 TAB ELMOR,46,2023-09-01 00:00:00,1.64,1.5415999999999999,,0
194,BRUGESIC 600MG 10TAB ELMOR,36,2023-10-01 00:00:00,2.55,2.397,,0
212,BRUGESIC FORTE 200MG/5ML SUSP 60ML ELMOR,48,2025-10-01 00:00:00,2.37,2.2278000000000002,,0
3447,BRUGESINA 300MG/10MG X 10 COMP ELMOR,54,2023-11-01 00:00:00,3.22,3.0268,,0
587,BUDECORT SUSP P INHALAR 1MG 15ML OFTALMI,95,2024-09-01 00:00:00,7.28,6.8432,,0
940,BUDESONIDA BUDENAS SOL NASAL GOTAS OFTALMI,49,2024-03-01 00:00:00,6.76,6.3544,,0
4326,BUDESONIDA BUDENAS SPRAY OFTALMI,37,2024-05-01 00:00:00,7.81,7.341399999999999,,0
4221,BUPIVACAINA+DEXTROSA ANHIDRA BUPIGLASS HIPERBARA AMP BIOGLASS,8,2025-01-01 00:00:00,2.03,1.9082,,0
2074,BUTILAMINA COMP X 20 TABLETAS PLUSANDEX,11,2024-11-01 00:00:00,3.5,3.29,,0
2049,BUTILBROMURO + METAMIZOL AMP X 1 BIOSANO ,92,2023-07-01 00:00:00,1.25,1.175,,0
1073,BUTROPINA GOTAS PED 20ML VINCENTI,33,2023-06-01 00:00:00,6.69,6.288600000000001,,0
1496,CALCIFIX CALCIO + B12 300ML JAB AD IMPORTADO,45,2023-10-01 00:00:00,2.98,2.8012,,0
3177,CALCIO + VIT D3 1500MG/300 U.I CALPAL D X 30 TAB BIOTECH ,28,2023-08-01 00:00:00,9.27,8.713799999999999,,0
163,CANDERSARTAN CANDER 16MG X 30 TAB VALMORCA,27,2026-06-01 00:00:00,9.45,8.883,,0
631,CANDERSARTAN CANDER 8MG X 30 TAB VALMORCA,27,2025-10-01 00:00:00,6.51,6.1194,,0
693,"CANDERSARTAN HCT CANDER 8/12,5MG X 30 TAB VALMORCA",32,2023-10-01 00:00:00,7.28,6.8432,,0
4197,CANDESARTAN 8MG X 30 TAB SPEFAR,9,2024-07-01 00:00:00,3.79,3.5626,,0
3035,CANDESARTAN BLOCAX 8MG X 30 TAB BIOTECH,39,2023-04-01 00:00:00,4.9,4.606000000000001,,0
4279,CANDESARTAN CALMEX 16MG X 10 TAB BLISTER FARQUI,23,2025-03-01 00:00:00,1.61,1.5134,,0
4280,CANDESARTAN CALMEX 8MG X 10 TAB BLISTER FARQUI,18,2025-02-01 00:00:00,1.11,1.0434,,0
4340,CANDESARTAN CANDEPRA 16MG X 28 TAB ADN MEDICAL ,33,2025-06-01 00:00:00,4.2,3.9480000000000004,,0
4341,CANDESARTAN CANDEPRA 8MG X 28 TAB ADN MEDICAL ,34,2025-06-01 00:00:00,3.22,3.0268,,0
4152,CAPTOPRIL 50MG X 10 TAB CALOX,4,2025-05-01 00:00:00,1.41,1.3254,,0
1906,CARBAMAZEPINA 100MG/5ML X 250ML SUSP JMW,4,2023-08-01 00:00:00,6.72,6.3168,,0
969,CARBAMAZEPINA 200MG X 20 COMP DAC,55,2025-01-01 00:00:00,2.42,2.2748,,0
1009,CARBAMAZEPINA 200MG X 20 COMP GENCER,58,2026-07-01 00:00:00,3.78,3.5532,,0
4181,CARBAMAZEPINA CARPI 200MG X 20 TAB NOVAG IMPORTADO,31,2024-11-01 00:00:00,2.42,2.2748,,0
292,CARBAMAZEPINA GABOX 200MG X 20 COMP RONAVA,4,2025-03-01 00:00:00,4.17,3.9198,,0
3401,CARBONATO DE LITIO 300 MG X 10 TAB BLISTER JMW ,4,2024-06-01 00:00:00,1.18,1.1092,,0
729,CARBONATO DE LITIO 300MG 20 TAB BIOTECH,8,2024-05-01 00:00:00,5.05,4.747,,0
1025,CARDIPIRINA 80MG X 30 CAPS  ZUOZ,58,2023-11-01 00:00:00,2.1,1.9740000000000002,,0
4208,CARVEDILOL 12.5 MG X 14 TAB CALOX,42,2024-06-01 00:00:00,2.49,2.3406000000000002,,0
241,CARVEDILOL 25MG 20 COMP KIMICEG,2,2023-06-01 00:00:00,6.86,6.4484,,0
1669,CARVEDILOL CARVIHEM 12.5 MG X 20 TAB ADN MEDICAL,71,2024-01-01 00:00:00,1.75,1.645,,0
1650,CARVEDILOL CARVIHEM 6.25MG X 30TAB ADN MEDICAL,98,2024-01-01 00:00:00,1.75,1.645,,0
1982,CEFADROXILO 250MG/5ML X 100ML SUSP BRIXMEDIC,18,2023-10-01 00:00:00,2.59,2.4345999999999997,,0
356,CEFALOTINA 1 GR AMP EL MORRO,50,2024-12-01 00:00:00,1.06,0.9964000000000001,,0
106,CEFAZOLINA 1 GR AMP EL MORRO,50,2024-12-01 00:00:00,1.01,0.9494,,0
3423,CEFEPIME 1 G AMP DELTA,6,2024-02-01 00:00:00,4.58,4.3052,,0
3332,CEFEPIME 1000 MG AMP ADN MEDICAL ,18,2024-04-01 00:00:00,3.93,3.6942000000000004,,0
148,CEFOTAXIMA 1GR AMP EL MORRO,50,2024-12-01 00:00:00,0.84,0.7896,,0
3103,CEFTAZIDIMA 1 G AMP VITALIS ,20,2024-10-01 00:00:00,3.05,2.867,,0
1559,CEFTRIAXONA 1G X 1 AMP OQ PHARMA ORIGINAL,1309,2023-09-01 00:00:00,1.12,1.0528000000000002,,0
4238,CENTRO DE CAMA AZUL HOSPITALARIO PAQT X 10 UNID,2,00:00:00,8.93,8.3942,,0
2037,CETIRIZINA 10 MG X 10 TAB ECAR,102,2025-06-01 00:00:00,0.45,0.423,,0
542,CETIRIZINA 10MG X 10 TAB SPEFAR,169,2022-11-01 00:00:00,1.01,0.9494,,0
453,CETIRIZINA CELAY 10MG X 10 TAB COFASA,41,2024-05-01 00:00:00,3.4,3.1959999999999997,,0
3113,CETIRIZINA CELAY 10MG/15ML  X 15ML  GOTAS COFASA,23,2024-05-01 00:00:00,3.08,2.8952,,0
3114,CETIRIZINA CELAY 5MG/15ML  X 100ML JBE COFASA,23,2024-03-01 00:00:00,7.27,6.833799999999999,,0
74,CETIRIZINA TALZIC 10 MG 10 COMP ELMOR,36,2025-08-01 00:00:00,1.58,1.4852,,0
181,CETIRIZINA TALZIC 120ML 1MG JBE ELMOR,12,2024-08-01 00:00:00,2.42,2.2748,,0
1350,CETIRIZINA TALZIC GOTAS 10MG X 20ML ELMOR,38,2024-04-01 00:00:00,1.64,1.5415999999999999,,0
3448,CETOCONAZOL 20MG/G X CREMA CIMED IMPORTADO,26,2024-01-01 00:00:00,2.24,2.1056000000000004,,0
4013,CIPROFLOXACINA CIPRIX 500 MG X 14 TAB GEOLAB IMPORTADO,40,2023-12-01 00:00:00,4.16,3.9104,,0
1689,CIPROFLOXACINA PRACIPRO 500 MG X 6 TAB ADN MEDICAL,148,2024-02-01 00:00:00,0.84,0.7896,,0
3370,CITICOLINA 500 MG X 10 TAB BLISTER BRIXMEDIC ,10,2024-06-01 00:00:00,11.51,10.8194,,0
3271,CITICOLINA 500MG/2ML  AMPOLLA ADN MEDICAL ,22,2024-06-01 00:00:00,2.74,2.5756,,0
12,CITICOLINA CITIPRA 500 MG X 10 TAB ADN MEDICAL,4,2024-06-01 00:00:00,11.93,11.2142,,0
2075,CLAM UMBILICAL INSUMEDICAL ,88,2024-08-01 00:00:00,0.17,0.1598,,0
1266,"CLEMBUNAL CLEMBUTEROL 0,020MG X 10 COMP ROWE",2,2023-02-01 00:00:00,3.3,3.102,,0
1399,CLEMBUTEROL CLEMBUNAL GOTAS X 15ML ROWE,3,2023-06-01 00:00:00,3.93,3.6942000000000004,,0
921,CLEMBUTEROL CLEMBUNAL JBE 120ML ROWE,18,2024-03-01 00:00:00,5.87,5.5178,,0
922,CLEMBUTEROL CLEMBUNAL JBE PED 120ML ROWE,4,2024-11-01 00:00:00,4.54,4.2676,,0
3161,CLENBUTEROL 0.01MG/5ML X 120 ML JAB. ADUL. BIOQUIMICA,14,2024-03-01 00:00:00,2.87,2.6978,,0
3486,CLENBUXOL X 20 ML GOTAS ROWE,12,2023-04-01 00:00:00,4.4,4.136,,0
3350,CLONEDAC FEET BIFONAZOL 1 % 20G CREMA DAC,50,2023-12-01 00:00:00,2.3,2.162,,0
17,"CLONIDINA 0,150 MG X 2 AMP GENCER",50,2023-09-01 00:00:00,2.53,2.3781999999999996,,0
541,CLOPIDOGREL 75 MG X 10 TAB KIMICEG,61,2023-03-01 00:00:00,2.98,2.8012,,0
4337,CLOPIDOGREL 75 MG X 14 TAB ADN MEDICAL,37,2025-02-01 00:00:00,1.61,1.5134,,0
165,CLOPIDOGREL 75MG 14 TAB SPEFAR,61,2024-03-01 00:00:00,2.58,2.4252000000000002,,0
691,CLOPIDOGREL CLOPIVAL 75MG X 30 TAB VALMORCA,23,2023-12-01 00:00:00,8.13,7.642200000000001,,0
737,CLORACE 500/4MG X 10 TAB COFASA,9,2024-10-01 00:00:00,4.61,4.3334,,0
801,CLORACE 500MG/4MG X 20 TAB COFASA,33,2021-02-01 00:00:00,6.82,6.4108,,0
3120,CLORACI PLUS VIT C 1000MG /ZINC 10MG X 30 TAB COFASA,14,2023-11-01 00:00:00,7.76,7.2943999999999996,,0
3181,CLORACI VIT C 1000MG SIN AZUCAR X 30 TAB COFASA,14,2023-11-01 00:00:00,8.55,8.037,,0
4004,"CLORURO DE MAGNESIO 16,7GR SOBRE PP 1/2L LYA",2,2025-06-01 00:00:00,3.43,3.2242,,0
397,"CLORURO DE SODIO 0,9% 500ML JL DE VZLA",3,2024-05-01 00:00:00,1.54,1.4476,,0
1595,CLOTRIM+DEXAMETA+NEOMICINA CLONEDAC CREMA TOPICA 20GR DAC,816,2024-03-01 00:00:00,2.76,2.5944,,0
3379,CLOTRIMAZOL 1% 6 APLIC CREMA VAGINAL FUGOLIN VINCENTI,1,2024-04-01 00:00:00,6.87,6.4578,,0
4203,CLOTRIMAZOL+BETAMET+NEOMICINA CANISON-BN 15G CREMA AGIO,22,2023-10-01 00:00:00,3.67,3.4497999999999998,,0
1340,CODEBROMIL PLUS JBE 90ML VINCENTI,18,2023-11-01 00:00:00,6.48,6.091200000000001,,0
3045,COLAGENO 400MG X 30 CAPS LYA,27,2025-06-01 00:00:00,4.94,4.6436,,0
4290,COLASTIN COLAGENO CON VIT C 300MG X 30 CAP IMPORTADO,21,2023-12-01 00:00:00,3.74,3.5156,,0
1809,COLAYTE 69.57GR POLVO RONAVA,14,2023-07-01 00:00:00,5.88,5.5272,,0
3346,"COLCHICINA 0,5MG X 10 TAB BLISTER JMW",35,2025-02-01 00:00:00,0.39,0.36660000000000004,,0
674,COLFENE 600/4MG X 5 COMP BLISTER ELMOR,36,2024-09-01 00:00:00,6.93,6.5142,,0
3367,COLIRIO 20 ML GOTAS OFTALMICAS IMPORTADO,97,2023-09-01 00:00:00,1.72,1.6168,,0
4291,COLPATRIN METRONIDAZOL+NISTATINA 50G X 10 APLICADORES IMPORTADO,27,2023-12-01 00:00:00,3,2.82,,0
2015,COMPLEJO B  X 10 GRAGEAS ECAR ,163,2023-07-01 00:00:00,0.48,0.4512,,0
2016,COMPLEJO B 10ML IM  AMP ECAR,14,2023-03-01 00:00:00,3.91,3.6754000000000002,,0
76,COMPLEJO B JARABE X120ML ROBIMEN QUIMFAR,52,2024-05-01 00:00:00,1.99,1.8706,,0
1648,COMPLEJO B MULTIHEN 3 AMP ADN MEDICAL  ,29,2023-02-01 00:00:00,2.53,2.3781999999999996,,0
676,COMPLEJO B VITISIVAL JBE 240ML VALMORCA,54,2026-03-01 00:00:00,8.12,7.6328,,0
4136,COMPRESA DE LAPARATOMIA ESTERIL X 5 UND,6,,4.9,4.606000000000001,,0
1126,CORTYNASE SUSP NASAL 140 DOSIS OFTALMI,49,2024-10-01 00:00:00,8.09,7.6046,,0
3025,DAC-LAX (POLIENTILENGLICOL 3350) POLVO PARA SOLUCION ORAL 120 G DAC ,50,2023-05-01 00:00:00,2.1,1.9740000000000002,,0
1206,DALTAZEN 60MG X 20 COMP KLINOS,5,2024-03-01 00:00:00,13.66,12.8404,,0
3270,DEFLAZACORT 30MG X 10 TAB CALOX,3,2025-04-01 00:00:00,5.32,5.0008,,0
865,DENCOFEN GEL 40GR PONCE,8,2024-12-01 00:00:00,4.45,4.183,,0
3483,DERMOSUPRIL C 0.1%-3% 15 GR CREMA KLINOS,8,2024-05-01 00:00:00,9.17,8.6198,,0
1260,"DERMOSUPRIL CREMA TOPICA 0,05% 15GR KLINOS",1,2025-09-01 00:00:00,7.7,7.238,,0
539,"DESLORATADINA HISTALER 0,5 MG 60ML JBE VALMORCA",30,2026-08-01 00:00:00,2.98,2.8012,,0
1393,DESLORATADINA HISTALER 5MG X 30TAB VALMORCA ,78,2023-10-01 00:00:00,5.17,4.8598,,0
3250,DESODORANTE BARRA MELAO STICK 60G CABALLERO,73,00:00:00,0.84,0.7896,,0
3248,DESODORANTE BARRA MELAO STICK 60G DAMA,71,00:00:00,0.84,0.7896,,0
3247,DESODORANTE ROLLON 50ML CABALLERO,62,00:00:00,0.84,0.7896,,0
1253,DETERGENTE EN POLVO 400GR SOLIDARIO UNIDAD,4,00:00:00,0.91,0.8554,,0
1254,DETERGENTE EN POLVO 400MG SOLIDARIO BULTO X 30 ,6,00:00:00,28,26.32,,0
3296,DEXAGLOS DEXAMETASONA  0.1 MG/ML X 100 ML SUSP. BELFAR IMPORTADO,8,2024-07-01 00:00:00,1.43,1.3441999999999998,,0
3179,DEXAMETASONA 4MG X 10 TAB ADN MEDICAL ,16,2024-02-01 00:00:00,2.1,1.9740000000000002,,0
1990,DEXAMETASONA 8MG/2ML AMP ADN MEDICAL ,125,2024-05-01 00:00:00,0.55,0.517,,0
1676,DEXAMETASONA 8MG/2ML AMP JMW,397,2023-08-01 00:00:00,0.42,0.3948,,0
3144,DEXAVISON DEXAMET+NEOMI 3.5-0.1MG/ML 5ML SOL OFTAL IMPORTADO ,72,2023-07-01 00:00:00,1.27,1.1938,,0
4012,DEXCLORFENIRAMINA+BETAMETASONA DEXTAMINE X 20 TAB IMPORTADO,97,2023-05-01 00:00:00,1.96,1.8424,,0
4085,DEXMEDETODIMINA 0.2 MG/2ML AMP ADN,25,,4.06,3.8164,,0
4328,DEXTRAN 0.1% SOL OFTALMICA LAGRIMA OFTALMI,26,2024-05-01 00:00:00,2.72,2.5568,,0
629,"DI ANALPER GEL 1,16% 30GR LA SANTE",1,2023-04-01 00:00:00,3.35,3.149,,0
3417,DICLOFENAC DIETILAMONIO 11.6 MG/G 60 G GEL TEUTO IMPORTADO ,31,2023-03-01 00:00:00,2.25,2.115,,0
3039,DICLOFENAC POTASICO 50 MG X 20 TAB KIMICEG,5,2024-03-01 00:00:00,1.72,1.6168,,0
355,DICLOFENAC POTASICO 50MG X 20 COMP POLTAX IMPORTADO,311,2024-01-01 00:00:00,1.02,0.9588,,0
1805,DICLOFENAC POTASICO 50MG X 20 TAB DAC,100,2025-03-01 00:00:00,1.06,0.9964000000000001,,0
4249,DICLOFENAC POTASICO 75 MG/3 ML I.M-I.V. GLOBAL MEDIC,390,2024-03-01 00:00:00,1.82,1.7108,,0
332,DICLOFENAC POTASICO OFAFLAN 2MG 120ML JBE ELMOR,60,2025-08-01 00:00:00,4.06,3.8164,,0
1105,DICLOFENAC SODICO 1% 30GR BERYL GEL CAPLINT,12,2023-06-01 00:00:00,2,1.88,,0
3121,DICLOFENAC VERALEN 1.16% X 50G GEL COFASA ,56,2025-04-01 00:00:00,7.04,6.6176,,0
309,DIGLET 1000UI VIT D3 X 30 COMP LETI,2,2023-06-01 00:00:00,10.37,9.7478,,0
3217,"DIGOXINA 0,25MG X 20 TAB PHARLAB IMPORTADO",53,2023-03-01 00:00:00,1.9,1.786,,0
4282,DIMENHIDRINATO 50MG X 10 TAB BLISTER JMW,6,2024-11-01 00:00:00,0.64,0.6016,,0
1224,DIOSMINA-HESPERIDINA 450MG-50MG  X 10 TAB DAC,37,2025-02-01 00:00:00,5.81,5.461399999999999,,0
1421,DIPIRONA BRAL 500MG DISPENSADOR 25 BLISTER X 4 TAB BIOTECH,5,2023-03-01 00:00:00,21,19.74,,0
536,DOL 450MG DISPENSADOR 20 BLISTER X 4 TAB CALOX,4,2025-03-01 00:00:00,15.5,14.57,,0
4312,DOL GRIP  FORTE X 10 TAB CALOX,20,2024-05-01 00:00:00,4.2,3.9480000000000004,,0
777,DOL GRIP X 10 TAB CALOX,8,2025-08-01 00:00:00,2.37,2.2278000000000002,,0
4210,DOMPERIDONA  10MG X 15COMP CALOX,7,2025-06-01 00:00:00,1.41,1.3254,,0
1752,DOMPERIDONA 10MG X 20 COMP SPEFAR,58,2022-12-01 00:00:00,3.11,2.9234,,0
808,DOMPERIDONA DROSPROL 10MG X 30 COMP CALOX,9,2024-07-01 00:00:00,3.18,2.9892000000000003,,0
1221,DOMPERIDONA TONUM 10MG X 30 TAB BIOTECH,41,2024-02-01 00:00:00,3.04,2.8576,,0
1054,DOPAMINA 200MG/5ML IV AMP EL MORRO,89,2023-12-01 00:00:00,1.18,1.1092,,0
3123,DORZOLAMIDA 2% COFADOR X 5ML GOTAS OFTALMICA COFASA,12,2024-07-01 00:00:00,11.51,10.8194,,0
4069,DOXICICLINA 100 MG X 15 COMP IMPORTADO,28,2023-09-01 00:00:00,5.39,5.066599999999999,,0
226,DUVADILAN 10MG 30 COMP ZUOZ,58,2023-07-01 00:00:00,8.4,7.896000000000001,,0
4246,ELECTRODOS AD X 1 UND,38,00:00:00,0.39,0.36660000000000004,,0
3278,ENALAPRIL 10 MG X 30 TAB IMPORTADO ,12,2023-09-01 00:00:00,1.12,1.0528000000000002,,0
4071,ENALAPRIL 20 MG X 30 TAB IMPORTADO ,44,2023-10-01 00:00:00,1.88,1.7671999999999999,,0
553,ENALAPRIL 20MG X 30 TAB PLUSANDEX,14,2023-12-01 00:00:00,1.68,1.5792,,0
4045,ENALAPRIL HCT 10MG +25MG X 10 TAB JL DE VZLA,42,2023-07-01 00:00:00,0.39,0.36660000000000004,,0
1656,ENOXAPARINA SODICA  40MG/0.4ML X 2 AMP ADN MEDICAL,24,2023-06-01 00:00:00,19.6,18.424000000000003,,0
1657,ENOXAPARINA SODICA 60MG/0.6ML X 2 AMP ADN MEDICAL,6,2023-03-01 00:00:00,14,13.16,,0
3186,EQUIN ESTROGENOS CONJUGADOS 0.625MG/G 42.5G CREMA VAGINAL POLINAC,10,2023-06-01 00:00:00,13.01,12.2294,,0
207,"ERGOMETRINA (METHERGIN) 0,2MG 1ML AMP BIOSANO",90,2023-06-01 00:00:00,0.48,0.4512,,0
1438,ESCITALOPRAM 10 MG X 28 TAB CALOX,17,2024-08-01 00:00:00,6.92,6.5048,,0
727,ESPIRONOLACTONA 25 MG X 10 TAB BLISTER JMW,21,2024-10-01 00:00:00,1.96,1.8424,,0
1194,ETORICOXIB  90MG X 10TAB CALOX,2,2024-06-01 00:00:00,5.81,5.461399999999999,,0
4057,ETORICOXIB 60 MG X 10 TAB CALOX,4,2024-06-01 00:00:00,4.12,3.8728000000000002,,0
210,FANASAL NAFAZOLINA 15ML ADULTO GOTAS QUIMFAR,92,2024-02-01 00:00:00,1.47,1.3818,,0
480,FANASAL NAFAZOLINA 15ML GOTAS PED QUIMFAR,96,2023-10-01 00:00:00,1.43,1.3441999999999998,,0
2003,FAVIPIRAVIR 200 MG X 30 TAB,5,2023-03-01 00:00:00,77,72.38,,0
3371,FENITOINA SODICA BIOFENIT 250MG/5ML AMP BIOGLASS,66,2023-09-01 00:00:00,0.84,0.7896,,0
3485,"FENTANILO FENTAWISE 0,05MCG/ML AMP ASIA",32,2023-05-01 00:00:00,2.98,2.8012,,0
4206,FESTAL 25 BLISTER X 4 GRAG. DISPENSADOR CALOX ,5,2024-07-01 00:00:00,28.71,26.9874,,0
1666,FINASTERIDE 5MG X 10 TAB CALOX,14,2024-10-01 00:00:00,2.83,2.6602,,0
936,FLATORIL GOTAS 20 ML ELMOR,94,2024-07-01 00:00:00,6.03,5.668200000000001,,0
3266,FLAVOL 300 MG X 20 CAP RONAVA,36,2026-10-01 00:00:00,7.14,6.7116,,0
1651,FLAVONID DIOSMINA + HESPER 450/50 MG X 30 TAB IMPORTADO ,18,2023-07-01 00:00:00,9.74,9.1556,,0
3357,FLOR DE JAMAICA 10GR SOBRE LYA ,26,2025-06-01 00:00:00,1.96,1.8424,,0
4316,FLORENT PROBIOTICO 200MG X 6 CAP DURAS IMPORTADO,66,2024-06-01 00:00:00,3.88,3.6471999999999998,,0
4198,FLUCONAZOL 150 MG X 2 CAP SEFAR ,26,2024-06-01 00:00:00,2.03,1.9082,,0
4307,FLUCONAZOL 150 X 2 CAP CALOX ,9,2024-07-01 00:00:00,1.93,1.8142,,0
3366,FLUCONAZOL 150MG X 2 CAP ORAL IMPORTADO,65,2023-11-01 00:00:00,1.06,0.9964000000000001,,0
4074,FLUIVE C ACETILCISTEINA + VIT C 120 ML JB AD IMPORTADO ,15,2024-03-01 00:00:00,5.59,5.2546,,0
1908,FLUNARIZINA 10MG X 10 TAB BLISTER JMW,5,2023-08-01 00:00:00,0.98,0.9212,,0
1458,FLUOXETINA 20MG X 14 CAPS BIOTECH,34,2024-02-01 00:00:00,2.56,2.4064,,0
4183,FORMULA ALCALINA COMPLEMENTO ALIMENTICIO 350 G POLVO RONAH,29,,5.6,5.263999999999999,,0
4167,FUROSEMIDA 40MG X 10 TAB BLISTER BRIXMEDIC,19,2024-06-01 00:00:00,0.32,0.3008,,0
4087,FUROSEMIDA 40MG X 12 TAB PLUSANDEX,10,2024-03-01 00:00:00,0.77,0.7238,,0
4343,FUROSEMIDA FUROPRA 20MG 2ML I.M./ I.V. AMP ADN MEDICAL,30,2025-05-01 00:00:00,0.27,0.2538,,0
902,FUROSIL SUSP X 90 ML JAB  VINCENTI,24,2024-06-01 00:00:00,4.47,4.2017999999999995,,0
4283,GABAPENTINA 300 MG X 10 TAB JMW,20,2024-06-01 00:00:00,0.95,0.893,,0
533,GABAPENTINA 300MG X 20 CAPS CALOX,25,2025-08-01 00:00:00,4.14,3.8915999999999995,,0
1162,GASA 100 YDS INSUMEDICAL ,2,2024-09-01 00:00:00,36.54,34.3476,,0
3501,GASA ESTERIL 3X3 CAJA X 25 SOBRES COMPO MEDICA,2,00:00:00,6.9,6.486000000000001,,0
4272,GASTOS VARIOS ,4,,2.64,2.4816000000000003,,0
3167,GENTAMICINA 40MG IM/IV 2ML AMP. BALAXI,497,2023-04-01 00:00:00,0.13,0.1222,,0
4292,GINO-MIZONOL 20MG/80G CREMA 14 APLICACIONES GEOLAB IMPORTADO,36,2024-02-01 00:00:00,6.75,6.345,,0
1601,GLIBENCLAMIDA 5MG X 30 COMP IMPORTADO ,45,2023-10-01 00:00:00,1.02,0.9588,,0
4266,GLIMEPIRIDE (ALLIPP-2) 2 MG X 30 TAB ASIA ,4,2023-10-01 00:00:00,3.88,3.6471999999999998,,0
4267,GLIMEPIRIDE (ALLIPP-4) 4MG X 30 TAB ASIA ,12,2023-10-01 00:00:00,5.6,5.263999999999999,,0
393,GUANTES DE LATEX TALLA M C X 100 INSUMEDICAL,1,00:00:00,12.18,11.4492,,0
4356,GYNO CLONEDAC 1% X 50 GR CREMA VAG DAC ,50,2023-12-01 00:00:00,3.5,3.29,,0
84,GYNOVIT DUCHA VAGINAL  VARGAS,14,2025-03-01 00:00:00,3.75,3.525,,0
3134,HALOPERIDOL 5MG 10 TAB BLISTER JMW,10,2023-08-01 00:00:00,1.16,1.0903999999999998,,0
4274,HEMZENIL 0.05MG/5ML I.V AMP ADN MEDICAL,15,2025-01-01 00:00:00,4.9,4.606000000000001,,0
955,HERMESETAS EDULCORANTE LIQUIDO X 150ML POLINAC,9,2026-08-01 00:00:00,6.5,6.11,,0
1528,HIDROCLOROTIAZIDA 25MG X 30 COMP IMPORTADO,190,2023-06-01 00:00:00,0.8,0.752,,0
111,HIDROCORTISONA 1% CREMA 15GR BALAXI,43,2023-12-01 00:00:00,0.41,0.38539999999999996,,0
3461,HIDROCORTISONA 100 MG I.V-I.M AMP BRIXMEDIC,20,2023-06-01 00:00:00,1.13,1.0621999999999998,,0
3201,HIDROCORTISONA 500MG I.M./I.V. AMP BRIXMEDIC,7,2023-10-01 00:00:00,3.04,2.8576,,0
3455,HIERRO SACAROSA HIERROPRA 100MG/5ML I.V. AMP ADN MEDICAL,1,2023-07-01 00:00:00,2.67,2.5098,,0
3125,HIPROMELOSA LAGRICOF X 15 ML GOTAS OFTALMICAS COFASA ,14,2024-11-01 00:00:00,4.56,4.2863999999999995,,0
961,IBUCOLVAL 400MG/4MG X  20 TAB VALMORCA,17,2027-04-01 00:00:00,7.91,7.4354000000000005,,0
1070,IBUCOLVAL 600/4MG X 20 TAB VALMORCA,63,2026-04-01 00:00:00,9.66,9.080400000000001,,0
759,IBUPROF + CAFEINA BRUDOL 200/65MG X 20 TAB ELMOR,48,2025-10-01 00:00:00,2.66,2.5004,,0
4106,IBUPROF.+ TIOCOL. EUSILEN DUAL 6000MG/4MG X 10 COMP COFASA,39,2025-05-01 00:00:00,3.82,3.5907999999999998,,0
1806,IBUPROFENO + TIOCOLCHICOSIDO X 10TAB DAC,200,2025-01-01 00:00:00,2.9,2.726,,0
1839,IBUPROFENO 400 MG X 10 TAB PLUSANDEX,8,2023-05-01 00:00:00,1.36,1.2784,,0
1620,IBUPROFENO 400 MG X 20 TAB QUIMFAR,115,2024-04-01 00:00:00,1.64,1.5415999999999999,,0
1945,IBUPROFENO IBUPRA 600MG X 10 TAB ADN MEDICAL,300,2024-11-01 00:00:00,0.77,0.7238,,0
4347,IMIPENEM/ CILASTINA PRAIMI-CILA  1G  I.V. AMP ADN MEDICAL,6,2025-02-01 00:00:00,14,13.16,,0
3115,IPALAT CLOTRIMAZOL 10MG X 20ML GOTAS COFASA,32,2023-05-01 00:00:00,5.5,5.17,,0
624,IRBERSARTAN 150MG X 7 TAB CALOX,36,2025-05-01 00:00:00,2.83,2.6602,,0
948,IRBERSARTAN 300 MG X 7 CAPS CALOX,36,2025-05-01 00:00:00,4.24,3.9856000000000003,,0
3390,IRBESARTAN 150 MG X 10 TAB BLISTER JMW,23,2024-06-01 00:00:00,1.81,1.7014,,0
3202,IRBESARTAN 150MG X 10 TAB BLISTER BRIXMEDIC,2,2024-06-01 00:00:00,4.21,3.9574,,0
3391,IRBESARTAN 300 MG X 10 TAB BLISTER JMW,52,2024-06-01 00:00:00,1.99,1.8706,,0
1077,ISOSPRAY PLUS SOL 180ML BIOTECH,2,2024-04-01 00:00:00,4.41,4.1454,,0
2055,IVERMECTINA 6 MG X 4 TAB GENCER,16,2023-07-01 00:00:00,1.62,1.5228000000000002,,0
566,JELCO #18 SENSIMEDICAL,90,2025-01-01 00:00:00,1.12,1.0528000000000002,,0
388,JELCO NRO 22 VEINCARE,8,2025-01-01 00:00:00,1.05,0.9870000000000001,,0
99,JERINGA 10CC AGUJA 21 X 1 1/2 INSUMEDICAL,649,2026-07-01 00:00:00,0.24,0.2256,,0
567,"JERINGA 1CC 30G X 1/2"" GIDAGUS",9,2023-09-01 00:00:00,0.21,0.1974,,0
976,JERINGA 20CC AGUJA 21 X 1 1/2 INSUMEDICAL,438,2027-02-01 00:00:00,0.41,0.38539999999999996,,0
434,JERINGA 3CC 21 X 1 1/2 INSUMEDICAL,1800,2027-11-01 00:00:00,0.16,0.1504,,0
100,JERINGA 5CC AGUJA 21 X 1 1/2 INSUMEDICAL,900,2026-11-01 00:00:00,0.17,0.1598,,0
4327,KEPRORET KETOPROFENO 1MG/ML X 120 ML SOL ORAL OFTALMI,8,2025-08-01 00:00:00,3.98,3.7412,,0
4154,KETOPROFENO 100 MG X 10 CAP CALOX,3,2024-05-01 00:00:00,2.66,2.5004,,0
3451,KETOPROFENO 100MG X 10 TAB COFASA,23,2025-08-01 00:00:00,4.03,3.7882000000000002,,0
1878,KETOPROFENO 100MG X 10 TABLETAS ADN MEDICAL,30,2025-03-01 00:00:00,0.95,0.893,,0
36,KETOPROFENO 50 MG X 12 CAP CALOX,26,2024-07-01 00:00:00,2.8,2.6319999999999997,,0
3409,KETOPROFENO 50MG/2ML I.M. AMPO  JL VEZLA,44,2024-05-01 00:00:00,1.61,1.5134,,0
3453,KETOPROFENO KETODAC 100 MG X 10 CAP DAC,125,2024-09-01 00:00:00,2.02,1.8988,,0
386,KETOROLAC 10MG X 20 TAB SPEFAR,48,2023-08-01 00:00:00,2.58,2.4252000000000002,,0
4047,KETOROLACO 10MG X 10 TAB JL DE VZLA ,15,2023-07-01 00:00:00,1.54,1.4476,,0
4239,KIT DE LAPARATOMIA II,7,00:00:00,28.42,26.7148,,0
4354,KLAS 100MG X 20 TAB ELMOR ,46,2025-06-01 00:00:00,3.85,3.619,,0
204,KLAS JARABE 100MG 60ML ELMOR,44,2025-06-01 00:00:00,2.8,2.6319999999999997,,0
166,LACRIDOS 15ML SOL OFTALMI,48,2025-07-01 00:00:00,4.13,3.8822,,0
3275,LAMEDOR SIMPLE 120 ML JAB FSI,3,2023-09-01 00:00:00,6.58,6.1852,,0
4019,LANCETAS PARA GLICEMIA ,4,,14.42,13.5548,,0
1069,LANOLZINC POMADA 60GR VALMORCA,24,2025-07-01 00:00:00,3.57,3.3558,,0
1444,LANSOPRAZOL 30 MG X 14 CAPS CALOX,11,2024-03-01 00:00:00,3.3,3.102,,0
4284,LANSOPRAZOL 30MG X 10 TAB BLISTER JMW,10,2025-02-01 00:00:00,1.23,1.1562,,0
765,LAPIZ ELECTROBISTURI ANNSIN,9,2024-07-01 00:00:00,6.5,6.11,,0
4314,LASIX FUROSEMIDA 40MG X 12 COMP CALOX,9,2025-08-01 00:00:00,2.44,2.2936,,0
3124,LATANOPROST + TIMOLOL LATACOF-DUO 2.5ML GOTA OFT COFASA,19,2023-03-01 00:00:00,10.3,9.682,,0
4294,LECHE DE MAGNESIA SUSP 100ML NATULAB IMPORTAD,59,2024-02-01 00:00:00,2.37,2.2278000000000002,,0
1371,LETISAN 500MG X 10 CAPS LETI,9,2024-10-01 00:00:00,3.64,3.4216,,0
2090,LEVOFLOXACINA 500 IV PENTALEVOX 100ML AMP. DAC ,137,2023-03-01 00:00:00,2.8,2.6319999999999997,,0
3424,LEVOFLOXACINA 500 MG I.V. X 100 ML AMP BIOMEDIC,6,2024-02-01 00:00:00,2.38,2.2372,,0
3219,LEVOFLOXACINA 500MG/100ML AMP JL VZLA,48,2024-05-01 00:00:00,1.54,1.4476,,0
1944,LEVOFLOXACINA 750 MG X 5 TAB ADN MEDICAL,87,2024-08-01 00:00:00,2.24,2.1056000000000004,,0
1801,LEVOFLOXACINO NEULEVAL 500 MG X 10 TAB VALMORCA,30,2023-11-01 00:00:00,10.33,9.7102,,0
1800,LEVOFLOXACINO NEULEVAL 750 MG X 5 TAB VALMORCA,68,2023-10-01 00:00:00,7.13,6.7021999999999995,,0
3310,LEVOTIROXINA 100 MG X 10 TAB BLISTER JMW,18,2023-08-01 00:00:00,0.81,0.7614000000000001,,0
3309,LEVOTIROXINA 25 MG X 10 TAB BLISTER JMW,30,2023-09-01 00:00:00,0.48,0.4512,,0
3311,LEVOTIROXINA SODICA 50 MG X 10 TAB BLISTER JMW,30,2023-08-01 00:00:00,0.29,0.27259999999999995,,0
1474,LIDOCAINA LIDOHEM BP 2% 20MG/50ML I.M AMP ADN MEDICAL,6,2024-08-01 00:00:00,2.8,2.6319999999999997,,0
1823,LINEPRA LINEZOLID 600MG X 300ML IV AMP ADN MEDICAL ,28,2024-07-01 00:00:00,11.57,10.8758,,0
4355,LIOLACTIL 250MG X 20 CAP ELMOR,20,2023-10-01 00:00:00,12.57,11.8158,,0
2011,LISINOPRIL 10MG X 10 TAB BLISTER BALAXI ,4,2023-11-01 00:00:00,0.5,0.47,,0
4275,LISINOPRIL 20 MG X 10 TABLETAS BLISTER BRIXMEDIC,26,2024-10-01 00:00:00,1.55,1.457,,0
3535,LIT 10.8G-4.05G/67.5ML ENEMA PED VARGAS ,21,2024-05-01 00:00:00,9.52,8.9488,,0
3536,LIT 16G-6G/100 ML ENEMA AD VARGAS ,20,2024-05-01 00:00:00,9.56,8.9864,,0
1067,"LODESTAR HCT 50/12,5 MG X 30 TAB VALMORCA",31,2023-05-01 00:00:00,5.6,5.263999999999999,,0
1012,LOKARIN 5/60MG X 60ML JBE BIOTECH,19,2023-08-01 00:00:00,3.72,3.4968000000000004,,0
1411,LORATADINA 10 MG X 10 TAB CALOX,47,2025-04-01 00:00:00,1.48,1.3912,,0
1178,LORATADINA LORADEX 1MG 30ML PLUSANDEX,104,2024-03-01 00:00:00,1.25,1.175,,0
4349,LORATADINA LORASLIV 10MG X 12 TAB IMPORTADO ,71,2024-06-01 00:00:00,1.16,1.0903999999999998,,0
1068,LORATADINA LORAVAL 10MG X 10 TAB VALMORCA,84,2023-09-01 00:00:00,1.68,1.5792,,0
861,LORATADINA LORAVAL JBE 60ML VALMORCA,24,2024-03-01 00:00:00,2.17,2.0398,,0
4225,LORECORT LORATADINA+BETAMETASONA 60 ML JAB OFTALMI,40,2024-07-01 00:00:00,4.86,4.5684000000000005,,0
3433,LOSARTAN POTASICO 100MG X 10 TAB GC,21,2024-03-01 00:00:00,1.54,1.4476,,0
1123,LOSARTAN POTASICO 50MG X 30 COMP GERMED IMPORTADO,68,2023-10-01 00:00:00,1.33,1.2502,,0
3294,LOSARTAN POTASICO LOSAPRA 50MG X 30 TAB ADN MEDICAL,31,2023-12-01 00:00:00,2.53,2.3781999999999996,,0
4171,LOSARTAN/HIDROC  50MG /12.5 MG X 10 TAB BLISTER BRIXMEDIC,3,2024-04-01 00:00:00,0.73,0.6862,,0
4192,LUBRIX AROMA SABORE CHOCOLATE 60 CC GEL SULCAGEL ,26,2025-05-01 00:00:00,3.42,3.2148,,0
4193,LUBRIX AROMA SABORE FRESA 60 CC GEL SULCAGEL ,7,2025-06-01 00:00:00,3.42,3.2148,,0
4194,LUBRIX AROMA SABORE MENTA 60 CC GEL SULCAGEL ,18,2025-06-01 00:00:00,3.42,3.2148,,0
4195,LUBRIX AROMA SABORE PIÑA COLADA 60 CC GEL SULCAGEL ,16,2025-04-01 00:00:00,3.42,3.2148,,0
384,MACROGOTEROS DESECHABLE ESTERIL INSUMEDICAL,56,00:00:00,0.55,0.517,,0
1295,MADECASSOL UNG AL 1% 10 GR POLINAC,13,2026-09-01 00:00:00,4.54,4.2676,,0
4332,MANTECA DE CACAO LAB TROL IMPORTADO,134,2024-07-01 00:00:00,0.84,0.7896,,0
10000,MASCARILLA CON TIRA DE GOMA 3 CAPAS  CAJA X 50 UND,29,00:00:00,3,2.82,,0
1235,MASCARILLA CON TIRA DE GOMA 3 CAPAS KIDS CAJA X 50 UND,2,00:00:00,1.48,1.3912,,0
4217,MASCARILLA DE OXIGENO ADULTO INSUMEDICAL,46,00:00:00,3.25,3.055,,0
4223,MASCARILLA DE OXIGENO PEDIATRICA,46,,3.25,3.055,,0
1234,MASCARILLA PARA NEBULIZAR ADULTO INSUMEDICAL,41,00:00:00,2.92,2.7448,,0
3319,MASCARILLA PARA NEBULIZAR PED. INSUMEDICAL,37,00:00:00,2.92,2.7448,,0
3008,MASCARILLA QUIRURGICA DESECHABLE COLOR NEGRO X 50 UND ,1,2025-12-01 00:00:00,3.48,3.2712,,0
1987,MEBENDAZOL 100MG/5ML 30 ML SUSP BRIXMEDIC,32,2024-10-01 00:00:00,1.62,1.5228000000000002,,0
687,MELOXICAM 15MG AMP VITALIS,11,2024-09-01 00:00:00,0.94,0.8835999999999999,,0
3049,MENTOL 10G  UNGUENTO LYA,16,2023-06-01 00:00:00,2.38,2.2372,,0
1850,MENTORUB TUBO 15G FC PHARMA,31,2024-10-01 00:00:00,1.74,1.6356,,0
41,MEROPENEM 500MG IV AMP EL MORRO,4,2024-09-01 00:00:00,6.65,6.251,,0
3456,MEROPENEN 1 G POLVO AMP ADN MEDICAL,7,2024-05-01 00:00:00,9.34,8.7796,,0
4156,METFORMINA 500 MG X 28 TAB CALOX,31,2025-04-01 00:00:00,3.3,3.102,,0
2069,METFORMINA 850 MG X 10  TAB BLISTER BALAXI,36,2023-10-01 00:00:00,0.56,0.5264000000000001,,0
1780,METFORMINA CLORH. 500MG X 6 COMP BLISTER SPEFAR,23,2023-01-01 00:00:00,0.43,0.4042,,0
4180,METFORMINA GLUNOVAG 500MG X 60 TAB NOVAG IMPORTADO,35,2023-11-01 00:00:00,3.07,2.8857999999999997,,0
1331,METILPREDNISOLONA 500MG AMP EL MORRO,4,2024-09-01 00:00:00,8.86,8.3284,,0
3204,METILPREDNISOLONA 500MG I.M./I.V. AMP BRIXMEDIC,8,2023-05-01 00:00:00,13.41,12.6054,,0
2083,METILPREDNISOLONA 500MG IM/IV AMPOLLA ASIA,4,2023-03-01 00:00:00,9.66,9.080400000000001,,0
3213,METILPRENISOLONA 500MG AMP ADN MEDICAL,30,2024-08-01 00:00:00,11.57,10.8758,,0
1734,METOCLOPRAMIDA CLOP 5MG/5ML X 120 ML JAB QUIMFAR,60,2023-08-01 00:00:00,2.1,1.9740000000000002,,0
3497,METOCLOPRAMIDA LANCERAN 5MG/5ML X 90 ML JAB BIOQUIMICA,3,2024-05-01 00:00:00,2.09,1.9646,,0
4041,METRONIDAZOL + MICONAZOL FEMIZOL 750/200MG 7 OVULOS VARGAS,3,2024-05-01 00:00:00,11.66,10.9604,,0
3224,METRONIDAZOL 50 G CREMA VAGINAL IMPORTADO  ,23,2023-06-01 00:00:00,3.49,3.2806,,0
4259,METRONIDAZOL 500 MG X 10 TAB BLISTER BRIXMEDIC,1,2025-03-01 00:00:00,0.88,0.8272,,0
2018,METRONIDAZOL 500 MG X 10 TAB BLISTER ECAR,180,2023-06-01 00:00:00,0.67,0.6298,,0
3441,MIDAZOLAN MIDSOL-WISE 15MG/3ML AMP ASIA,3,2023-06-01 00:00:00,8.4,7.896000000000001,,0
4094,MINOXIDIL ZITOXIL 3% 30ML SOL ELMOR,32,2024-05-01 00:00:00,3.75,3.525,,0
3116,MIOVIT COMPLEJO B 180ML JBE COFASA,20,2023-07-01 00:00:00,8.79,8.262599999999999,,0
837,MIOVIT COMPLEJO B 90ML JBE COFASA,9,2023-03-01 00:00:00,5.38,5.0572,,0
1041,MIOVIT GOTAS 20ML COFASA,28,2024-02-01 00:00:00,3.42,3.2148,,0
1111,MIRTAZAVAL 30MG X 30 TAB VALMORCA,30,2024-08-01 00:00:00,7.27,6.833799999999999,,0
1319,MODERAN 120ML JBE VARGAS,2,2023-12-01 00:00:00,11.68,10.9792,,0
1659,MONTELUKAST MONTEPRA 10 MG X 10 TAB ADN MEDICAL,45,2024-12-01 00:00:00,1.61,1.5134,,0
1851,MONTELUKAST MONTEPRA 5MG X 10 TAB ADN MEDICAL,24,2024-02-01 00:00:00,0.92,0.8648,,0
4325,MORFINA 10MG/1ML I.V.-I.M. AMP BIOSANO,31,2023-09-01 00:00:00,1.23,1.1562,,0
1119,MOTA DE ALGODON BLANCA X 50 ALVE,4,,1.31,1.2314,,0
4357,MOVIMEX 15 MG X 10 TAB OFTALMI,78,2023-12-01 00:00:00,3.09,2.9046,,0
92,"MOVIMEX 7,5 MG X 10 TAB OFTALMI",40,2024-05-01 00:00:00,3.64,3.4216,,0
4253,MOXIPRA 400MG/250ML I.V. MOXIFLOXACINA AMP ADN MEDICAL  ,6,2025-03-01 00:00:00,6.45,6.063000000000001,,0
1316,MOXVAL MOXIFLOXACINA 400MG X 5TAB VALMORCA,14,2025-02-01 00:00:00,10.35,9.729,,0
3117,MUCOBROL BROMEXINA 4MG/5ML X 120 ML JAB COFASA,24,2024-03-01 00:00:00,8.08,7.5952,,0
1315,MUCOFAR JBE 120ML ADULTO QUIMFAR,50,2024-02-01 00:00:00,2.67,2.5098,,0
953,MUCOLIPTO 15MG 90ML JBE PED ZUOZ,26,2024-02-01 00:00:00,4.12,3.8728000000000002,,0
477,MUCORAMA 15MG 5ML 118ML JBE ZUOZ,26,2024-02-01 00:00:00,4.48,4.211200000000001,,0
1219,MUPIROCIN MULTIDERM 2% 15 GR BIOTECH,25,2025-09-01 00:00:00,4.07,3.8258,,0
1287,MYCOFENTIN 2% CREMA 20GR ELMOR,65,2023-08-01 00:00:00,5.14,4.8316,,0
4250,N-BUTILBROMURO DE HIOSINA 20MG/1ML I.M.-I.V. GLOBAL MEDIC  ,95,2024-03-01 00:00:00,1.06,0.9964000000000001,,0
3479,NIMESULIDA  100MG X 12 COMP DISPERSABLE CIFARMA IMPORTADO,22,2023-09-01 00:00:00,3.09,2.9046,,0
1314,NIMESULIDE REDUBEN 100GR X 10 TAB COFASA,18,2023-07-01 00:00:00,5.78,5.4332,,0
3384,NIMODIPINA 30 MG X 10 TAB BLISTER JMW,42,2024-10-01 00:00:00,1.13,1.0621999999999998,,0
666,NIMODIPINA TROPOCER AP 90MG X 20 COMP LETI,8,2022-11-01 00:00:00,9.46,8.8924,,0
4295,NISTATINA 60 GR CREMA VAGINAL 14 APLICADORES GEOLAB IMPORTADO,8,2024-03-01 00:00:00,5.91,5.555400000000001,,0
619,NITAZOXANIDA 500 MG X 10 COMP DAC,16,2025-01-01 00:00:00,3.51,3.2994,,0
1812,NORSINA ACETAM + HIOSINA 500MG/10MG X 12 TAB BIOTECH,7,2024-01-01 00:00:00,3.84,3.6096,,0
479,NOVACODIN 50MG 5ML 120ML SOL ORAL VARGAS,24,2024-02-01 00:00:00,3.78,3.5532,,0
896,NOVEPAR B12 JBE 90ML VINCENTI,19,2024-05-01 00:00:00,4.12,3.8728000000000002,,0
3188,NUTRICAP KERATINA VITALITY X 30 CAPS VITAVEA ,11,2024-04-01 00:00:00,13.17,12.3798,,0
1181,OBTURADOR  UND INSUMEDICAL,196,2023-03-01 00:00:00,0.18,0.1692,,0
593,OCUPRED PREDNISOLONA 1% SUSP OFTALMI,72,2024-09-01 00:00:00,6.19,5.8186,,0
4296,OMEGA 3 1000 MG X 60 CAP VITA MUNE IMPORTADO,20,2024-12-01 00:00:00,8.33,7.8302000000000005,,0
517,OMEPRAZOL 20MG X 20 CAP DAC,200,2025-02-01 00:00:00,1.53,1.4382000000000001,,0
257,OMEPRAZOL 20MG X 28 CAPS OMOPREL BELFAR IMPORTADO,70,2024-02-01 00:00:00,2.51,2.3594,,0
340,OMEPRAZOL 20MG X 28 TAB CALOX,11,2024-03-01 00:00:00,4.38,4.1171999999999995,,0
4254,ONDASENTRON 8MG X 10 TAB ADN MEDICAL ,8,2025-03-01 00:00:00,2.81,2.6414,,0
741,"OPAT OLOPATADINA 0,1% SOL OFT 5ML OFTALMI",59,2024-07-01 00:00:00,5.61,5.2734000000000005,,0
518,ORALZINC SUERO ORAL MANDARINA ZUOZ,24,2024-06-01 00:00:00,4.06,3.8164,,0
4285,OXCARBAZEPINA 600MG X 10 TAB BLISTER JMW,6,2024-12-01 00:00:00,6.3,5.922,,0
1148,"OXIMETAZOLINA 0,025% 15ML NASAL PED GENCER",31,2023-10-01 00:00:00,3.36,3.1584,,0
1546,OXIMETRO PORTATIL IMPORTADO,2,00:00:00,17.05,16.027,,0
530,OXOLAMINA 28MG/5ML 120ML JBE PED VALMORCA,24,2025-05-01 00:00:00,3.78,3.5532,,0
531,OXOLAMINA 50MG/5ML 120ML JBE ADULTO VALMORCA,25,2025-05-01 00:00:00,3.85,3.619,,0
1285,OXOLAMINA PEREBRON 28MG/5ML JBE PED 120ML ELMOR,18,2025-09-01 00:00:00,3.68,3.4592,,0
943,PANTOPRAZOL 40 MG X 28 TAB CIMED IMPORTADO ,24,2023-05-01 00:00:00,5.67,5.3298,,0
1072,PAPAVERINA PAPAVERYL GOTAS 15ML VINCENTI,9,2023-09-01 00:00:00,2.8,2.6319999999999997,,0
1211,PAPEL PARA CAMILLA ,1,00:00:00,45.15,42.441,,0
1866,PARACETAMOL+CAFEINA BOSKA 500/30MG X 10TAB BLISTER BALAXI,10,2023-10-01 00:00:00,0.56,0.5264000000000001,,0
3478,PARACETAMOL+CLORF+FENILEFRINA GRIPALCE X 10 TAB BLISTER IMPORTADO,28,2024-02-01 00:00:00,1.41,1.3254,,0
4293,PARACETAMOL-CLORFE-FENILEFRINA GRIPEOL X 20 TAB IMPORTADO,259,2024-04-01 00:00:00,2.6,2.444,,0
1892,PAROXETINA 20MG X 30 TAB ECAR ,1,2023-07-01 00:00:00,24.15,22.701,,0
1462,PASSIFLORA JARABE 120ML FC FARMA,9,2023-12-01 00:00:00,3.74,3.5156,,0
1289,PENICILINA 6.3.3. IM AMP EL MORRO,6,2024-05-01 00:00:00,0.52,0.4888,,0
49,PENICILINA SODICA 1.000.000 IV/IM  AMP EL MORRO,6,2024-05-01 00:00:00,0.29,0.27259999999999995,,0
276,PENICILINA SODICA G BENZATINICA 2.400.000 UI IM AMP EL MORRO,18,2024-05-01 00:00:00,0.91,0.8554,,0
783,PERIDONT SOL ENJUAGUE BUCAL 240ML OFTALMI,32,2024-07-01 00:00:00,3.36,3.1584,,0
4297,PHITOSS HEDERA HELIX L 7MG/ML X 100 ML JAB IMPORTADO,19,2024-03-01 00:00:00,5.08,4.7752,,0
1084,PINAVERIUM 100MG X 20 TAB CALOX,15,2025-03-01 00:00:00,5.32,5.0008,,0
1124,PINAVERIUM 50MG X 20 TAB CALOX,22,2025-02-01 00:00:00,4.31,4.051399999999999,,0
4257,PIPERACILINA/TAZOBACTAM PRA-PIPTAZ 4.5GR TAB ADN MEDICAL,20,2023-08-01 00:00:00,6.17,5.7998,,0
520,PIPERAZINA 120ML JBE QUIMFAR,25,2024-06-01 00:00:00,2.14,2.0116,,0
1774,PIRACETAM 800MG X 10 TAB BLISTER JMW,18,2023-08-01 00:00:00,5.15,4.841,,0
4177,POLANTAC X 10 TAB POLINAC,7,2025-03-01 00:00:00,2.41,2.2654,,0
3184,POLANTAC X 20 TAB POLINAC,14,2023-12-01 00:00:00,4.68,4.3991999999999996,,0
1539,POLIFIX 22GR POLVO POLINAC,28,2026-11-01 00:00:00,4.88,4.5872,,0
3142,"POLIMAIS + IMUNIDADE VIT C, D,E,SELENIO Y ZIN X 60 CAP IMPORTADO ",18,2023-05-01 00:00:00,3.02,2.8388,,0
3221,POLIMAIS LACTULOSA SABOR CIRUELA X 120 ML JBE IMPORTADO ,28,2023-04-01 00:00:00,3.98,3.7412,,0
2017,POLIMAIS LACTULOSA SABOR LECHOSA X 120 ML JBE IMPORTADO ,16,2023-04-01 00:00:00,3.98,3.7412,,0
3143,POLIMAIS POLIVITAMINICO A-Z+MINERALES  X 60 CAP IMPORTADO ,5,2023-05-01 00:00:00,3.02,2.8388,,0
3412,POSLOV (POSTINOR) 1.5MG X 1 TAB CIFARMA,649,2023-06-01 00:00:00,0.67,0.6298,,0
4216,PRAVIR ACICLOVIR  400 MG X 10 TAB ADN MEDICAL,7,2023-12-01 00:00:00,1.62,1.5228000000000002,,0
1394,PREDNISONA 50MG X 10 TAB GENCER,42,2026-06-01 00:00:00,4.76,4.4744,,0
2077,PREGABALINA PRELIVAL 150MG X 20 CAP VALMORCA,50,2023-03-01 00:00:00,8.32,7.8208,,0
1532,PROGESTERONA UTROGESTAN 200MG X 14 CAPS VAGINAL IMPORTADO,2,2024-02-01 00:00:00,30.62,28.7828,,0
4068,PROKIDS SUPLEMENTO ALIMENTICIO 1 G X 30 SOBRES CALOX,16,2023-11-01 00:00:00,5.42,5.0948,,0
1297,PROPRANOLOL 10MG X 20 TAB BIOTECH,20,2023-02-01 00:00:00,1.96,1.8424,,0
1368,PROPRANOLOL 40MG X 20 TAB BIOTECH,81,2023-11-01 00:00:00,3.42,3.2148,,0
1312,PROPRANOLOL 40MG X 20 TAB PLUSANDEX,4,2023-11-01 00:00:00,1.51,1.4194,,0
1390,PROVIM X 20 GRAGEAS PLUSANDEX,17,2023-07-01 00:00:00,3.14,2.9516,,0
1521,PRUEBA DE EMBARAZO CIMED IMPORTADO,75,2023-02-01 00:00:00,0.94,0.8835999999999999,,0
4081,QUEIMALIVE-CIFARMA 50 ML SPRAY IMPORTADO,15,2023-11-01 00:00:00,4.79,4.5026,,0
1775,QUETIAPINA 100MG X 10 TAB BLISTER JMW,16,2024-11-01 00:00:00,1.54,1.4476,,0
992,"QUINOFTAL 0,3% SOL OFT X 5ML OFTALMI",1,2024-01-01 00:00:00,4.59,4.3145999999999995,,0
334,"QUINOTIC SOL OTICA 0,3% 5ML OFTALMI",72,2024-07-01 00:00:00,5.11,4.8034,,0
3297,RARIVIT CALCIO + D3 600MG X 60 CAPS IMPORTADO ,33,2023-07-01 00:00:00,4.55,4.277,,0
4008,RARIVIT MULTIV MUJER X 60 CAPS IMPORTADO ,37,2023-06-01 00:00:00,5.78,5.4332,,0
1874,"RARIVIT VIT C, D Y ZINCO INMUNO X 30 COMP IMPORTADO",48,2023-07-01 00:00:00,4.9,4.606000000000001,,0
1186,RARIVIT ZINC X 30 COMP IMPORTADO,1,2023-07-01 00:00:00,4.55,4.277,,0
975,RECOLECTOR DE HECES INSUMEDICAL,140,00:00:00,0.17,0.1598,,0
962,RISPERIDONA ESQUIDONE 1MG X 30 TAB VALMORCA,51,2023-05-01 00:00:00,5.24,4.9256,,0
963,RISPERIDONA ESQUIDONE 2MG X 30 TAB VALMORCA,44,2023-10-01 00:00:00,6.94,6.5236,,0
907,RISPERIDONA ESQUIDONE 3MG X 30 TAB VALMORCA,25,2023-10-01 00:00:00,8.46,7.952400000000001,,0
3442,RIVAROXABAN LIVROXABAN 15 MG X 28 TAB ASIA ,7,2024-04-01 00:00:00,17.22,16.186799999999998,,0
433,SABANA PARA CAMILLA INSUMEDICAL,146,00:00:00,1.43,1.3441999999999998,,0
3050,SAL DE FRUTAS X 3 SOBRES LYA,10,2025-03-01 00:00:00,2.25,2.115,,0
1236,"SALBUTAMOL SALBUROL 0,5% SOL X 20ML VALMORCA",34,2024-02-01 00:00:00,6.09,5.7246,,0
4329,SALBUTAMOL+BECLOM+DIPRO VENTICORT 200 DOSIS INHAL OFTALMI,25,2024-05-01 00:00:00,10.28,9.6632,,0
1420,SARIFAM COMPOSITUM X 20 TAB RONAVA,13,2023-08-01 00:00:00,5.96,5.6024,,0
414,SCALP N23 INSUMEDICAL,139,2023-06-01 00:00:00,0.17,0.1598,,0
1182,SCALP NUMERO 21 INSUMEDICAL,213,2023-06-01 00:00:00,0.17,0.1598,,0
4333,SECNIDAZOL 1000 MG X 2 COMP PHARLAB IMPORTADO,6,2024-08-01 00:00:00,2,1.88,,0
4310,SECNIDAZOL 1GR X 2 COMP CALOX,19,2025-08-01 00:00:00,2.62,2.4628,,0
4157,SERTRALINA 50MG 10 COMP CALOX,10,2025-05-01 00:00:00,2.66,2.5004,,0
1681,SERTRALINA 50MG X 10 TAB BLISTER JMW,10,2023-08-01 00:00:00,0.34,0.3196,,0
906,SILDENAFIL DUROVAL 100MG X 1 TAB VALMORCA,8,2027-05-01 00:00:00,1.47,1.3818,,0
612,SILDENAFIL DUROVAL 50MG X 1 TAB VALMORCA,298,2027-04-01 00:00:00,0.78,0.7332000000000001,,0
4298,SILDENAFILO 50MG X 1 COMP NEO QUIMICA IMPORTADO,66,2023-07-01 00:00:00,0.41,0.38539999999999996,,0
4077,SILVEDERMA-QUEIMALIVE-CIFARMA 30G CREMA IMPORTADO,15,2023-10-01 00:00:00,3.65,3.431,,0
4351,SIMETICONA DIMETIGASS 75 MG/ML 15ML GOTAS IMPORTADO,34,2023-09-01 00:00:00,1.85,1.739,,0
1373,SINUTIL DIA/NOCHE CAPS X 9 FC PHARMA,32,2023-10-01 00:00:00,3.19,2.9986,,0
1052,SINUTIL GOTAS X 30 ML PED VINCENTI,4,2023-10-01 00:00:00,3.71,3.4874,,0
1051,SINUTIL JBE X 90 ML PED VINCENTI,9,2024-05-01 00:00:00,4.23,3.9762000000000004,,0
221,"SOLUCION PARA NEBULIZAR 0,9% 120CM3 FSI",13,2023-04-01 00:00:00,1.26,1.1844000000000001,,0
1817,SOLUCION RINGER LACTATO 500ML JL DE VZLA,75,2024-10-01 00:00:00,1.54,1.4476,,0
4142,SONDA FOLEY 2 VIAS LATEX # 20 VALEMEDIC,2,,1.61,1.5134,,0
3376,SONDA FOLEY 3 VIAS SILICON # 22 INSUMEDICAL,1,,4.2,3.9480000000000004,,0
3322,SONDA FOLEY 3 VIAS SILICON # 24 INSUMEDICAL,15,00:00:00,4.2,3.9480000000000004,,0
4082,STOMALIV BICARBONATO DE SODIO 5 G X 1 SOBRE IMPORTADO,150,2024-05-01 00:00:00,0.24,0.2256,,0
3180,SUCRALFATO 1000MG X 20 TAB ADN MEDICAL,20,2024-12-01 00:00:00,8.4,7.896000000000001,,0
4258,SUCRALFATO 1GR/5ML X 80ML SUSP ADN MEDICAL,54,2024-03-01 00:00:00,4.48,4.211200000000001,,0
4299,SUERO PARA REHIDRATACION GUARANA HIDRALI ORAL 500ML NATULAB,35,2024-05-01 00:00:00,3.51,3.2994,,0
4300,SUERO PARA REHIDRATACION TUTIFRUTI HIDRALI ORAL 500ML NATULAB,31,2024-03-01 00:00:00,3.51,3.2994,,0
3413,SUERO PARA REHIDRATACION UVA HIDRALI ORAL 500ML NATULAB,32,2024-05-01 00:00:00,3.51,3.2994,,0
4320,SUEROLITO 75 MEQ/L X 400 ML SABOR A CHICLE BALKER,5,2024-09-01 00:00:00,2.8,2.6319999999999997,,0
4317,SUEROLITO 75 MEQ/L X 400 ML SABOR A COCO BALKER,2,2024-09-01 00:00:00,2.8,2.6319999999999997,,0
4321,SUEROLITO 75 MEQ/L X 400 ML SABOR A FRUIT PONCHE BALKER,8,2024-09-01 00:00:00,2.8,2.6319999999999997,,0
4322,SUEROLITO 75 MEQ/L X 400 ML SABOR A MANDARINA BALKER,6,2024-09-01 00:00:00,2.8,2.6319999999999997,,0
4323,SUEROLITO 75 MEQ/L X 400 ML SABOR A MANZANA BALKER,10,2024-09-01 00:00:00,2.8,2.6319999999999997,,0
4319,SUEROLITO 75 MEQ/L X 400 ML SABOR A UVA BALKER,10,2024-09-01 00:00:00,2.8,2.6319999999999997,,0
3454,SULFATO FERROSO 200 MG X 10 TAB BLISTER ECAR,88,2024-10-01 00:00:00,0.34,0.3196,,0
3141,SULTAMICILINA SULTAHEM 750 MG X 16 TAB ADN MEDICAL,12,2024-06-01 00:00:00,17.5,16.45,,0
3298,SUPLEMENTO ALIMENTICIO VITA MUNE KIDS 240 ML IMPORTADO,3,2023-06-01 00:00:00,3.37,3.1678,,0
4024,SUTURA CROMICO 2-0  CT1  REF: 811 MARCA: KAREMAX ,7,,2.1,1.9740000000000002,,0
4032,SUTURA PROLENE 0 CT1  REF: 8424 MARCA: KAREMAX ,12,,2.1,1.9740000000000002,,0
4033,SUTURA PROLENE 1CT1  REF: 8425 MARCA: KAREMAX ,9,,1.06,0.9964000000000001,,0
4036,SUTURA PROLENE 3-0 KS  REF: 8622 AGUJA RECTA MARCA: KAREMAX ,3,,1.1,1.034,,0
4037,SUTURA PROLENE 3-0 SC24  REF: 8184  MARCA: KAREMAX ,4,,1.1,1.034,,0
4029,SUTURA SEDA 0  SH  REF: 834 MARCA: KAREMAX ,12,,1.5,1.41,,0
4031,SUTURA SEDA 2-0 SH  REF: 833 MARCA: KAREMAX ,5,,1.3,1.222,,0
4025,SUTURA VYCRIL 0  CT1  REF: 340 MARCA: KAREMAX ,12,,2.73,2.5662,,0
4028,SUTURA VYCRIL 3-0  SH  REF: 316 MARCA: KAREMAX ,12,,2.73,2.5662,,0
1685,TACHIPIRIN 100MG/ML 30 ML GOTAS ELMOR,21,2023-02-01 00:00:00,3.36,3.1584,,0
491,TACHIPIRIN 250MG X 6 SUPOSITORIOS ELMOR,29,2023-05-01 00:00:00,2.86,2.6883999999999997,,0
283,TACHIPIRIN FORTE 160MG 5ML120ML ELMOR,36,2025-10-01 00:00:00,2.11,1.9833999999999998,,0
617,TADALAFILO TADAFOX 20MG X 1TAB VALMORCA,57,2024-07-01 00:00:00,0.91,0.8554,,0
3051,TALCO BORICADO 50G LYA,4,00:00:00,4.43,4.1642,,0
1923,TAMSULOSINA 0.4MG X 10 TAB BLISTER JMW,98,2023-08-01 00:00:00,1.5,1.41,,0
437,TANTUM 50MG X 20 COMP ELMOR,33,2024-10-01 00:00:00,3.01,2.8293999999999997,,0
522,TANTUM TOPICO BUCAL 240 ML ELMOR,21,2024-09-01 00:00:00,4.72,4.4368,,0
4053,TEGADERM+PAD 5 CM X 7 CM 3M,18,00:00:00,1.01,0.9494,,0
3323,TENSIOMETRO ANALOGICO ,1,,30.37,28.547800000000002,,0
3324,TENSIOMETRO DIGITAL,6,,41.21,38.7374,,0
4255,TEOFILINA 80MG/15ML X 100 ML JARABE ADN MEDICAL,36,2025-01-01 00:00:00,2.32,2.1807999999999996,,0
1049,TERMOMETRO ORAL DIGITAL ,343,00:00:00,3,2.82,,0
3476,TERMOMETRO ORAL DROVENCA,15,,6.26,5.884399999999999,,0
3359,TINTURA DE ARNICA 30 ML LYA ,19,2024-03-01 00:00:00,2.6,2.444,,0
3055,TINTURA DE YODO 30 ML FSI,16,2024-06-01 00:00:00,1.15,1.081,,0
4311,TIOCOLCHICOSIDO 4MG X 12 TAB CALOX,19,2025-05-01 00:00:00,3.99,3.7506000000000004,,0
771,TIOCOLCHICOSIDO COLVAL 4MG 12 TAB VALMORCA,96,2026-02-01 00:00:00,6.3,5.922,,0
766,TIOCOLCHICOSIDO EUSILEN 4MG X 8 COMP COFASA,39,2026-05-01 00:00:00,5.78,5.4332,,0
1838,TIOCOLCHICOSIDO TIOCHAX 4 MG X 12 TAB PLUSANDEX,106,2024-11-01 00:00:00,2.87,2.6978,,0
4015,TIRAS REACTIVAS ,5,,24.5,23.03,,0
4247,TOALLAS HUMEDAS BARON BABY WIPES 30 UND ,45,00:00:00,0.99,0.9306,,0
4345,TOBRAMICINA+DEXAMETASONA TOBRAPRADEX 3MG/1ML  5ML SUSP OFTL ADN MEDICAL,38,2024-05-01 00:00:00,1.4,1.3159999999999998,,0
168,TODEX 5ML SUSP OFTALMI,300,2024-10-01 00:00:00,4.13,3.8822,,0
1170,"TODEX UNG X 7,5GR OFTALMI",59,2023-11-01 00:00:00,7.87,7.3978,,0
4315,TORIVAS 100 MG X 10 TAB CALOX,11,2025-03-01 00:00:00,4.35,4.0889999999999995,,0
4067,TORIVAS 50 MG X 10 TAB CALOX,6,2025-02-01 00:00:00,2.9,2.726,,0
4350,TORSILAX  X 10 TAB BLISTER IMPORTADO,2,2024-02-01 00:00:00,1.2,1.128,,0
964,"TRACEVAL 325/37,5MG X 20 TAB VALMORCA",6,2024-02-01 00:00:00,8.44,7.933599999999999,,0
4251,TRIAMCINOLONA (KENACORT) 40MG/1ML AMP AMERICAN REMEDIES ,2,2023-12-01 00:00:00,4.9,4.606000000000001,,0
1893,TRIMETOPIM SULFA 160MG/800MG X 10 TAB BLISTER ECAR,15,2022-12-01 00:00:00,1.62,1.5228000000000002,,0
1018,TRIMETOPRIM SULFA COSULTRIN 80MG/400MG X 20 COMP VALMORCA,29,2026-08-01 00:00:00,3.32,3.1208,,0
4222,TRIMETOPRIM SULFA TRISULGLASS 80MG/400MG/5ML I.V. AMP BIOGLASS,18,2025-01-01 00:00:00,1.92,1.8048,,0
597,TRITTICO 50MG X 30 TAB ELMOR,35,2026-10-01 00:00:00,4.23,3.9762000000000004,,0
1687,ULCENOL 20 MG X 10 TAB ELMOR,26,2025-08-01 00:00:00,2.24,2.1056000000000004,,0
1686,ULCENOL 40 MG X 20 TAB ELMOR,18,2026-03-01 00:00:00,3.15,2.961,,0
3378,VALERIANA 120 ML JAB FC PHARMA,12,2023-12-01 00:00:00,4.44,4.1736,,0
4175,VALSARTAN 160 MG X 10 TAB BLISTER BRIXMEDIC ,10,2024-08-01 00:00:00,4.45,4.183,,0
1150,"VALSARTAN 160MG-HCT 12,5MG X 14TAB GENCER",6,2023-11-01 00:00:00,7,6.58,,0
1149,"VALSARTAN 80MG-HCT 12,5MG X 14TAB GENCER",41,2023-08-01 00:00:00,3.89,3.6566,,0
4334,VALSARTAN COFASURE 80 MG X 30 TAB COFASA,63,2025-05-01 00:00:00,3.29,3.0926,,0
795,VALSARTAN HCT 80 MG/ 12.5 MG X 14 TAB CALOX,6,2024-05-01 00:00:00,3.54,3.3276,,0
3385,VANCOMICINA 500 MG SOL INY AMPO CBC ,5,2023-07-01 00:00:00,4.62,4.3428,,0
3457,VANCOMICINA PRAVANCO 500MG I.V AMP ADN MEDICAL ,10,2023-08-01 00:00:00,3.08,2.8952,,0
4101,VAPOR RUP 50 GR TARRO LYA,12,2023-10-01 00:00:00,5.05,4.747,,0
3016,VAPORIZADOR ASSURED IMPORTADO,17,2023-11-01 00:00:00,2.9,2.726,,0
3360,VASELINA 10 GR TARRO LYA ,8,2024-11-01 00:00:00,2.28,2.1431999999999998,,0
3361,VASELINA 30 GR TARRO LYA ,3,2023-10-01 00:00:00,2.6,2.444,,0
3231,VASELINA 50GR TARRO LYA,10,2023-10-01 00:00:00,3.32,3.1208,,0
224,VENDA DE YESO 10CM X 3M 4X3 YDS ORTOBAN,27,2027-01-01 00:00:00,4.55,4.277,,0
223,VENDA DE YESO 15CM X 3M 6X3 YDS ORTOBAN,25,2027-01-01 00:00:00,7.06,6.6364,,0
568,VENDA DE YESO 20CM X 3M 8X3 YDS ORTOBAN,36,2027-01-01 00:00:00,9.42,8.854800000000001,,0
3236,VENDA ELASTICA 20 CM X 4 M,2,2026-08-01 00:00:00,2.92,2.7448,,0
3320,VENDA ELASTICA 8CM X 4MT ,39,2026-08-01 00:00:00,0.89,0.8366,,0
4097,VIOLETA DE GENCIANA 30 ML SOL FSI,7,2024-03-01 00:00:00,1.19,1.1186,,0
4080,VITA MUNE CABELLOS Y UÑAS X 30 CAP IMPORTADO,7,2023-07-01 00:00:00,4.56,4.2863999999999995,,0
4079,VITA MUNE CALCIO 600 MG + D3 200 UI X 60 CAP IMPORTADO,24,2024-03-01 00:00:00,4.61,4.3334,,0
4229,VITADYN C VITAMINA C 1G X 10 TAB EFERV OFTALMI,11,2024-04-01 00:00:00,3.7,3.478,,0
300,VITAMINA B1-B6-B12  1ML AMP BIOSANO,355,2023-05-01 00:00:00,1.12,1.0528000000000002,,0
1949,VITAMINA C 100 MG/ML 10ML AMP ADN MEDICAL ,33,2024-01-01 00:00:00,0.98,0.9212,,0
2019,VITAMINA C 500 MG  X 12 TAB MASTICABLE ECAR,204,2024-02-01 00:00:00,1.5,1.41,,0
3462,VITAMINA C EFERVECENTE 1G X 20 TAB BRIXMEDIC,10,2023-06-01 00:00:00,3.78,3.5532,,0
1179,VITAMINA C SIN AZUC X 15 CAPS FC PHARMA,9,2023-05-01 00:00:00,2.1,1.9740000000000002,,0
1569,VITAMINA D3 DARLID 1000 UI X 30 CAPS FC PHARMA,39,2023-06-01 00:00:00,2.51,2.3594,,0
3034,VITAMINAS B12/B1/B6 RONAVIT I.M. AMP RONAVA ,31,2023-05-01 00:00:00,1.39,1.3066,,0
3481,XANTINON X 30 COMP IMPORTADO ,30,2023-02-01 00:00:00,4.26,4.0043999999999995,,0
851,YONAL JBE 120 ML BIOTECH,40,2025-09-01 00:00:00,3.91,3.6754000000000002,,0
3328,ZABILA CON MIEL 120 ML JAB PEDIATRICO FC PHARMA,7,2024-02-01 00:00:00,4.52,4.248799999999999,,0
1463,ZABILA CON MIEL JBE 120ML ADULTO FC PHARMA,12,2023-12-01 00:00:00,4.72,4.4368,,0
3444,ZONTRICON 500 MG X 6 COMP LETI,6,2023-03-01 00:00:00,12.38,11.6372,,0
,,,,0,,,0
,,,,,,,0
