Descripción del Artículo,Precio Mayoreo,Proveedor
9 VIT INFUS MULTI VIT SOL.ESTERIL (I.V),57.47,Drosalud
9-VIT EFERVESCENTE SABOR NARANJA X 20,78.29,Drosalud
ACEITE CREMOSO DE ARNICA 250ML,32.18,Drosalud
ACEITE DE ALMENDRAS 30ML,18.16,Drosalud
ACEITE DE COCO PRENSADO EN FRIO 30ML,14.11,Drosalud
ACEITE DE RICINO 30ML,22.54,Drosalud
ACEITE MINERAL 30ML,16.78,Drosalud
ACETA+IBUP+CAF 325/200/40MG BLISTX10TB,9.03,Drosalud
ACETAMIN+TIOCOLCH 500/4MG BLIST X 10 TAB,26.24,Drosalud
ACETAMINOFEN 120MG/5ML JARABE X 120ML,23.1,Drosalud
ACETAMINOFEN 120MG/5ML JARABE X120ML,17.81,Drosalud
ACETAMINOFEN 500MG BLISTER X10,2.49,Drosalud
ACETAMINOFEN 500MG TAB X 20,11.53,Drosalud
ACETAMINOFEN 500MG X20 TAB,5.16,Drosalud
ACETAMINOFEN 500MGX 10 TAB,3.7,Drosalud
ACETAMINOFEN 650MG BLIST X 10 TAB,4.73,Drosalud
ACETAMINOFEN 650MG X 10 TAB,6.05,Drosalud
ACETAMINOFEN GOTAS 100MG/ML X 15ML,12.22,Drosalud
ACETAMINOFEN180MG/5ML JARA PEDRIA 120ML,26.93,Drosalud
ACETATO DE HIDROCORTISONA 10MGX15G,19.02,Drosalud
ACETOBEN NF FCO. X 120ML,29.17,Drosalud
ACEVAL 100MG/ML X 30ML SOL GOTAS,25.81,Drosalud
ACEVAL 650MG X 10 TAB,12.22,Drosalud
ACEVAL 650MG X 50TAB (10 BLIST X 5),51.37,Drosalud
ACICLOVIR 200MG BLIST X 10 TAB,8.86,Drosalud
ACICLOVIR 200MG X 10 TABLETAS,9.64,Drosalud
ACICLOVIR 200MG X 25 COMP,27.45,Drosalud
ACIDO ACETILSALICILIC 81MGX10TAB BLISTER,4.05,Drosalud
ACIDO ACETILSALICILICO 81MG BLIST X10TAB,4.05,Drosalud
ACIDO BORICO 20GR (PAPELETA),13.25,Drosalud
ACIDO BORICO 400MGX10CAPS.VAGINAL,25.64,Drosalud
ACIDO FOLICO 10 MG BLIST X 10 TAB,5.12,Drosalud
ACIDO FOLICO 10MG BLIST X 10 TAB,4.48,Drosalud
ACIDO FOLICO 10MG X 20 COMP.,9.33,Drosalud
ACIDO FOLICO 10MG X 20 TAB,7.47,Drosalud
ACIDO FOLICO 10MG X 30 TAB,11.27,Drosalud
ACIDO FOLICO 10MG X 30 TAB,16.18,Drosalud
ACIDO FOLICO 5MG BLIST X 10 TAB,2.24,Drosalud
ACIDO FOLICO 5MG BLISTER X10,2.92,Drosalud
ACIDO FOLICO 5MG X 10 TAB BLISTER,2.75,Drosalud
ACIDO FOLICO 5MG X 30 TAB,9.12,Drosalud
ACIDO TRANEXAMICO 500MG/5ML AMP,18.07,Drosalud
ACIDO VALPROICO 500MG BLISTERX 10 TAB,26.67,Drosalud
ACTIVITON EXTREME X 30 CAP,75.29,Drosalud
ADELGASEN 400MG X 30CAPS,35.34,Drosalud
ADELGASEN 400MG X 60 CAPS,55.8,Drosalud
ADULTCARE CRE DERMOREST CENTE ASIATI30GR,44.13,Drosalud
ADULTCARE CREMA DERMOPROT PAR ADULT100GR,52.91,Drosalud
AEROFLAT 80MG/ML GOTAS ORAL X 20ML,44.76,Drosalud
AGUA OXIGENADA (LITRO) SOL AL 3%,24.95,Drosalud
AGUJA ESPINAL 23G ESTERIL UNIDAD,5.16,Drosalud
AGUJA ESPINAL 25G ESTERIL UNIDAD,5.16,Drosalud
AGUJA ESPINAL 26 G ESTERIL UNIDAD,5.16,Drosalud
AIRFEN INFANTIL 0.025% SOL X 15ML,32.29,Drosalud
ALBENDAZOL 200MG X 2 TAB,5.45,Drosalud
ALBENDAZOL 200MG X 6 TABLETAS,9.37,Drosalud
ALBENDAZOL 400MG BLISTER X 10TAB,13.86,Drosalud
ALBENDAZOL 400MG BLISTER X 2 TAB,3.53,Drosalud
ALBENDAZOL SUSP 400MG X 10 ML,8.43,Drosalud
ALBEZOL (ALBENDAZOL) 400MG/10ML SUSP,8.19,Drosalud
ALCACHOFA + CENT ASIATICA 350MG X 60CAP,41.85,Drosalud
ALCANFOR 10GR PAPELETA,21.59,Drosalud
ALCOHOL ABSOLUTO 96% 30ML,14.29,Drosalud
ALCOHOL ANTIBACTERIAL/ANTIVIRAL (LITRO),35.1,Drosalud
ALCOHOL ISIPROPILICO 70% 1 LITRO,39.75,Drosalud
ALCOHOL ISIPROPILICO 70% GALON,117.96,Drosalud
ALCOHOL ISOPROPILICO 70% (120ML),9.46,Drosalud
ALCOHOL ISOPROPILICO 70% (240ML),12.05,Drosalud
ALCOHOL ISOPROPILICO 70% 1 LT,41.13,Drosalud
ALCOHOL ISOPROPILICO 70% 500ML,25.99,Drosalud
ALCOHOL YODADO 30 ML,20.65,Drosalud
ALGOREN 40MG X 20 TAB,28.84,Drosalud
ALIPAL FORTE DIA Y NOCHE X 10 TAB,17.79,Drosalud
ALIVIAMED 25G GEL ROLL ON,17.13,Drosalud
ALIVIAMED 50GR CREMA,29.26,Drosalud
ALIVIAMED 60ML ATOMIZADOR,33.9,Drosalud
ALOPURINOL 100MG BLIST X 10 TAB,6.8,Drosalud
ALPRAM 0.5MG X 30 TAB,24.43,Drosalud
ALPRAM 1 MG X 30 TAB,35.02,Drosalud
ALPRAM 2 MG X 30 TAB,47.84,Drosalud
ALUMBRE 20GR (PAPELETA),13.43,Drosalud
ALURON 100MG X 30 TAB,34.47,Drosalud
AMBROX 15MG/5ML X 120ML JBE PED,15.98,Drosalud
AMBROXOL + LORATA (30MG+5MG/5ML) X 120ML,28.56,Drosalud
AMBROXOL 15MG/5ML X 100 ML PED,20.13,Drosalud
AMBROXOL 15MG/5ML X 120ML JBE,15.66,Drosalud
AMBROXOL 30MG/5ML X 100 ML ADULTO,28.05,Drosalud
AMBROXOL BRONQTRAT 15MG/5MLX100ML INFANT,29.08,Drosalud
AMIKACINA 100MG AMP,6.62,Drosalud
AMIKACINA 500MG / 2ML (I.M/I.V) AMP,9.03,Drosalud
AMIKACINA 500MG/2ML (I.M/I.V) AMP,9.38,Drosalud
AMINOFILINA 250MG/10ML AMP,12.91,Drosalud
AMIODARONA 200MG BP BLIST X 10 TAB,30.2,Drosalud
AMIODARONA 200MG X 10 TAB,40.78,Drosalud
AMIODARONA HCL 200MG X 10 TAB,36.77,Drosalud
AMLODIPINA 10MG TABLETASX 30,17.81,Drosalud
AMLODIPINA 10MG X 10 TAB,3.19,Drosalud
AMLODIPINA 10MG X 10 TAB (BLISTER),3.44,Drosalud
AMLODIPINA 10MG X 30 COMP,12.3,Drosalud
AMLODIPINA 10MG X30 TAB,10.59,Drosalud
AMLODIPINA 5MG TAB X 30,16.35,Drosalud
AMLODIPINA 5MG X 10 TB (BLISTER),2.06,Drosalud
AMLODIPINA 5MG X 30 COMP,6.71,Drosalud
AMLODIPINA 5MG X 30 COMP,6.46,Drosalud
AMOXICILINA 875MG/AC.CLAV.125MG X 14COMP,70.38,Drosalud
AMOXICILINA POLVO SUSP 250MG X 60ML,20.22,Drosalud
AMOXICILINA+AC.CLAV 625MG BLIST X10TAB,38.12,Drosalud
AMOXIVAL 250MG/5ML X 90ML PED,46.37,Drosalud
AMOXIVAL 500MG X 12 CAPS,34.33,Drosalud
AMOXIVAL 875MG X 20 TAB,99.2,Drosalud
AMOXIVAL A.C 250MG-62.5MG/5MLX60ML,71.67,Drosalud
AMOXIVAL A.C 400MG-57MG/5MLX60ML,96.8,Drosalud
AMPICILINA + SULBACTAN 1.5G AMP,6.02,Drosalud
AMPICILINA 500MG BLIST X 10 TAB,10.32,Drosalud
ANANTY 120MG/5ML SUSP PED X 120ML,13.41,Drosalud
ANANTY FORTE 160MG/5ML SUSP PED X 120ML,15.06,Drosalud
ANDANTOL JALEA X 20 G,35.11,Drosalud
ANEMIPLUS (SULF FERROSO) X 50 COMP,11.7,Drosalud
ANIS ESTRELLADO 8GR PAPELETA,15.14,Drosalud
ANTIFOM 40MG COMP REC. X 10,42.13,Drosalud
APETIVITON BC-CIPROSTA-COMPL.B 240ML,21.25,Drosalud
ARNICA (ALIVIOL) POMADAX 20 GR,12.91,Drosalud
ARTENOLOL 100MG X 30 TAB,23.76,Drosalud
ATENOLOL 100MG BLIST X 14 TAB,5.16,Drosalud
ATENOLOL 25MG X 30 COMP,7.83,Drosalud
ATENOLOL 50MG BLIST X 10 TAB,3.78,Drosalud
ATENOLOL 50MG BLIST X 10 TAB,4.38,Drosalud
ATENOLOL 50MG BLISTER X 10TAB,3.95,Drosalud
ATENOLOL TAB 100MG X 10 TAB BLISTER,4.73,Drosalud
ATORVASTATINA 20MG BLIST X 10 TAB,10.76,Drosalud
ATORVASTATINA 20MG BLIST X 10 TAB,5.94,Drosalud
ATORVASTATINA 20MG BLISTER X10 TAB,8.17,Drosalud
ATORVASTATINA 20MG TAB X 30,31.92,Drosalud
ATORVASTATINA 20MG X 20 TAB,35.19,Drosalud
ATORVASTATINA 40MG BLIST X 10TAB,8.52,Drosalud
ATORVASTATINA 40MG BLISTER X 10 TABLETAS,10.49,Drosalud
ATORVASTATINA 40MG TAB X 30,41.13,Drosalud
ATORVASTATINA 40MG X 10 TAB (BLISTER),17.98,Drosalud
ATORVASTATINA 40MG X 20 TAB,57.64,Drosalud
ATORVASTATINA 40MG X30 COMPRIM,91.46,Drosalud
ATORVASTATINA CALCICA 40MG X 30 COMPRIM,65.91,Drosalud
ATROBEL GOTAS FCO X 15 ML,26.73,Drosalud
ATROVERAN 10MG X 10 TAB REC.,46.14,Drosalud
ATROVERAN 10MG/ML X 15ML SOL. GOTAS,40.19,Drosalud
AZITRODEX 500MG X 3 TAB,15.06,Drosalud
AZITRODEX 500MG X 5 TAB,23.96,Drosalud
AZITROMICINA (UNITRON) 500MG X 3 TAB,16.78,Drosalud
AZITROMICINA 200MG/5MLPOL SUSP 22.5ML,22.2,Drosalud
AZITROMICINA 500MG BLISTER X 10 TAB,60.31,Drosalud
AZITROMICINA 500MG CAJA X3TABLETAS,24.35,Drosalud
AZITROMICINA 500MG TAB X5,25.29,Drosalud
AZITROMICINA 500MG X 3 COMP,25.73,Drosalud
AZITROMICINA 500MG X 5 COMP,41.99,Drosalud
AZITROMICINA 500MG X 6CAPSULAS,40.27,Drosalud
AZITROMICINA MG X 5 TAB,33.56,Drosalud
AZITROMICINA TAB 500MG BLISTER X3,10.32,Drosalud
AZTREONAM 1G (I.M/I.V) AMP,60.4,Drosalud
AZUFRE (PAPELETA) 20 GR,12.48,Drosalud
AZUTAN 0.15% COLUTORIO 180ML,24.73,Drosalud
BABY CREMA DERMOPROTECTORA 120GR,22.8,Drosalud
BABY CREMA HUMECTANTE 120ML,12.82,Drosalud
BABY ZINC 30GR,19.1,Drosalud
BACITRACINA UNG 15 G,20.17,Drosalud
BACTEVAL X 24 CAPS,54.04,Drosalud
BACTRON FORTE STCH X 10 TAB,35.21,Drosalud
BACTRON SUSP. 100 ML,23.76,Drosalud
BACTRON X 20 TAB,29.17,Drosalud
BALSAMO LABIAL (MANTECA DE CACAO) 4GR,14.02,Drosalud
BATA DE CIRUJANO ESTéRIL,40.01,Drosalud
BATA PARA CIRUJANO (ESTERIL),33.56,Drosalud
BEDENA (BROMEXI)4MG/5ML X120ML JBE PED,15.37,Drosalud
BENCIDAMINA CLORH 0.15% SOL X 120ML,28.52,Drosalud
BEPROSPEN 7 MG/ML SUSP INY KIT 1AMP 1ML,52.19,Drosalud
BET.DIPRO+BET.FOSF.SOD 5MG+2MG/2ML IV/IM,11.87,Drosalud
BETADERM 0.05% CREMA 15GR,21.95,Drosalud
BETADERM C/GENTAMICINA 0.1% CRM X15GR,22.54,Drosalud
BETAGEN 4MG/ML AMPOLLA,20.76,Drosalud
BETAGEN SOLSPEN AMPOLLA 1ML,29.06,Drosalud
BETAMETASONA 4MG/1ML I.M/I.V AMP.,3.44,Drosalud
BEUSAN CEBOLLA MORADA JBE 240ML,33.47,Drosalud
BEUSAN EXPECTORANTE JBE 240 ML,33.47,Drosalud
BEXILON JARABE 4MG/5ML X 120 ML,14.35,Drosalud
BICARBONATO DE SODIO (PAPELETA) 20GR,13.43,Drosalud
BICARBONATO DE SODIO 5% SOL FV 100ML,36.32,Drosalud
BIOKILLIODO(YODO SOLUCION) X 120ML,17.46,Drosalud
BISACODILO 5MG (BRISACOLAX) LAXANTE TAB,2.84,Drosalud
BISACODILO 5MG BP BLIST X 10 TAB,3.53,Drosalud
BISOPROLOL +HIDROCL5MG/6.25MG TAB X 15,27.53,Drosalud
BISOPROLOL 2.5MG BLISTER X 10 TABLETAS,3.44,Drosalud
BISOPROLOL 5MG BLIST X 10 TAB,4.82,Drosalud
BISOPROLOL 5MG BLISTER X 10 TAB,4.05,Drosalud
BISOPROLOL FUMARATO 2.5MG TAB X 30,33.99,Drosalud
BISOPROLOL FUMARATO 5MG TAB X 30,43.54,Drosalud
BISOPROLOL+HIDROCL 2.5MG/ 6.25MG TAB X15,22.03,Drosalud
BISOPRUNI (BISOPROLOL) 5MG X 30TAB,24.61,Drosalud
BLOCAX 16MG X 30 TABLETAS,47.45,Drosalud
BLOCAX 8MG 150TAB (15 BLISTER X 10 TAB),143.72,Drosalud
BLOCAX 8MG X 30 TABLETAS,29.05,Drosalud
BLOCAX PLUS 16MG -12.5MG X 30 TAB,60.83,Drosalud
BRAL 500MG (25 BLISTER X 4 TAB),148.28,Drosalud
BRAL 500MG X 20 TAB,29.66,Drosalud
BREXIN 100MG/ML SOL.ORAL GOTAS X 15ML,18.75,Drosalud
BREXIN 180MG/5ML FRASCO X 120ML,14.67,Drosalud
BREXIN FORTE 650MG X 10 TAB,10.23,Drosalud
BRODILIN 0.005MG/5ML JBE PED X120ML,38.63,Drosalud
BROFLEMA 8MG/5ML JARABE X 120ML,18.98,Drosalud
BROMEXINA CLORHIDRATO 4MG/5ML X100ML,26.54,Drosalud
BROMEXINA JBE PED 4MG/5ML X 120 ML,15.06,Drosalud
BROMHEXINA 4MG/5ML X 120ML JBE,15.66,Drosalud
BROMURO DE IPATROPIO INH20MCG X 200DOSIS,109.53,Drosalud
BRUCEN ADULCARE BODY LOTI 250ML,65.22,Drosalud
BRUCEN ANTIACNE GEL HIDRATPIEL GRA 120ML,47.24,Drosalud
BRUCEN CREMA NUTRI Y RESTA 80GR,57.73,Drosalud
BRUCEN HIDRO LOTION 250ML,65.22,Drosalud
BRUCEN HYDRO GEL HIDRA PIELES GRA 120ML,45.34,Drosalud
BRUCEN PANTALLA SOLAR CUERPO 100GR,65.56,Drosalud
BRUCEN SYN LOCI LIMP.FACI ANTIACNE 120ML,46.46,Drosalud
BRUCETIN CREM DERMOPROTEC 50GR,49.82,Drosalud
BRUCETIN PANT SOLAR PAR CUERPO 80GR,66.94,Drosalud
BURETA 100ML (SOLUCET),10.07,Drosalud
BUTILAMINA COMPUESTAX 20 TABLESTAS,24.67,Drosalud
BUTILBROMU D HIOSCINA10MG BLISTX10TAB,13.16,Drosalud
CALAMINA LOCION 100ML,16.18,Drosalud
CALPAL D X 30 TAB,53.38,Drosalud
CANDER 16 MG X 30 TAB,73.22,Drosalud
CANDER 8MG X 30 TAB,48.27,Drosalud
CANDER-HCT 8 - 12.5MG X 30 TAB,54.12,Drosalud
CANDESARTAN 16 MG BLIST X 10 TAB,14.54,Drosalud
CANDESARTAN 8MG BLIST X 10 TAB,10.07,Drosalud
CANDIGEN(CLOTRIMAZOL 1%) CREM 20GR,11.62,Drosalud
CANDIGEN-BG(GEN+BETA+CLOTR) CREM 30GR,23.14,Drosalud
CANISON-BN 1%(CLO-BETA-NEO) CREMA 15G,29.16,Drosalud
CANULA NASAL OXIGENO ADULTO,6.46,Drosalud
CAPTOPRIL 50MG BLIST X 10 TAB,6.89,Drosalud
CARBAMAZEPINA 200MG X 10 TAB BLIST,4.56,Drosalud
CARBAMAZEPINA 200MG X 20TAB,25.81,Drosalud
CARBAMAZEPINA 200MG X 30 TAB,32.0,Drosalud
CARBAMAZEPINA200MG BLISTERX 10TAB,6.02,Drosalud
CARBATIL 12.5MG (15 BLISTER X 10 TAB),146.79,Drosalud
CARBIDOL 25MG+250MGX 30 COMPRIM,51.37,Drosalud
CARBONATO DE LITIO 300MG X 20 CAP,35.59,Drosalud
CARDBET 12.5MG X 30 COMP,17.29,Drosalud
CARDBET 6.25 MG X 30 COMP,20.56,Drosalud
CARDIPIRINA 80MG CAPSULAS X30,16.29,Drosalud
CARVEDILOL (CARDBET) 25 MG X 30 COMP,27.53,Drosalud
CARVEDILOL 12.5MG BLIST X 10 TAB,8.17,Drosalud
CARVEDILOL 12.5MG BLISTER X 10 TAB,9.98,Drosalud
CARVEDILOL 12.5MG TABLETAS X 30,43.1,Drosalud
CARVEDILOL 12.5MG X 30 COMP,22.37,Drosalud
CARVEDILOL 12.5MG X BLIST X 10 TAB,7.4,Drosalud
CARVEDILOL 6.25MG BLIST X 10 TAB,6.8,Drosalud
CARVEDILOL 6.25MG BLISTER X10TABLETAS,8.86,Drosalud
CARVEDILOL 6.25MG TABL X 30,33.64,Drosalud
CARVEDILOL 6.25MG X 30 COMP,17.29,Drosalud
CARVEDILOL 6.25MG X 30 COMPRIM,14.46,Drosalud
CARVEL 6.25MG BLIST X 10 COMP,8.19,Drosalud
CASCARA SAGRADA 430MG X 30 CAPS,26.95,Drosalud
CASCARA SAGRADA 430MG X 60 CAPS,41.82,Drosalud
CEFADROXILO 250MG/5ML X 60ML SUSP,31.67,Drosalud
CEFALOTINA 1G,9.46,Drosalud
CEFEPIMA 1GR AMP (I.M/I.V),21.34,Drosalud
CEFIXIMA 100MG/5ML X 60ML SUSP,89.74,Drosalud
CEFTRIAXONA 1G I.V/I.M +SOLUCION 10 ML,9.29,Drosalud
CEFTRIAXONA 1GR AMP,5.42,Drosalud
CELAY 10MG X 10 TAB,12.44,Drosalud
CELAY 10MG/5ML SOL ORAL X 15ML,23.75,Drosalud
CELAY 5MG/5ML SOL ORAL X100 ML,29.23,Drosalud
CELECOXIB 200MG BLISTER X 10 TAB,22.89,Drosalud
CETIRIZINA 10MG BLISTER X 10 TAB,3.44,Drosalud
CETIRIZINA 10MG BLISTER X 10 TAB,5.85,Drosalud
CETIRIZINA 10MG BLISTER X 10TAB,3.1,Drosalud
CETIRIZINA 10MG BLISTER X10 TAB,5.94,Drosalud
CETOCONAZOL CREMA 20MG X 30GR,12.22,Drosalud
CETRIZ 10MG (CETIRIZINA) X 20 COMP,12.29,Drosalud
CHAMPU LIENDRECID 100ML,29.86,Drosalud
CICATRIMED CREMA 30GR,19.05,Drosalud
CIDOFOL (ACIDO FOLICO)BP 5MG/ML AMP 2ML,11.19,Drosalud
CIFARCAINA HIPERBARA 5% SOL AMP 2ML,36.86,Drosalud
CIMEGRIPE 4MG+400MG+4MGX 20 CAPSULAS,23.49,Drosalud
CINARIZINA 75MG BLISTER X 10 TAB,5.42,Drosalud
CIPROFLOXACINA 200MG/100ML (I.V) FCO,11.19,Drosalud
CIPROFLOXACINA 500MG BLISTER X 10TAB,7.22,Drosalud
CIPROFLOXACINA 500MG X 12 TAB,31.4,Drosalud
CITICOLINA 500 MG X 10 TAB BLISTER,50.24,Drosalud
CITICOLINA 500MG BLIST X 10 COMP,38.03,Drosalud
CITICOLINA 500MG BLIST X 10 TAB,38.2,Drosalud
CITICOLINA 500MG/2ML AMP.,22.89,Drosalud
CITICOLINA SODICA 125MG/1ML (I.M/I.V)AMP,7.22,Drosalud
CITRAPOL 500ML SOLUCION,36.47,Drosalud
CITRATO DE CALCIO CON VIT D 30TAB,67.0,Drosalud
CITRATO DE POTASIO 240ML,29.86,Drosalud
CITRATO DE POTASIO 500ML,47.32,Drosalud
CLINDAMICINA 300MG BLIST X 10 TAB,34.67,Drosalud
CLINDAMICINA 600MG/4ML (I.M/I.V) AMP,13.86,Drosalud
CLODOXIN 10MG X 20 COMP,11.03,Drosalud
CLODOXIN 5MG/5ML JBE X 120ML,18.39,Drosalud
CLODOXIN SOL GOTAS 1MG/1ML X 30ML,12.1,Drosalud
CLONZEP 0.5 MG X 30 TAB,30.37,Drosalud
CLONZEP 2 MG X 30 TAB,51.28,Drosalud
CLOP (METOCLOPRAMIDA) JBE X 120ML,16.61,Drosalud
CLOPIDEX 75MG X 30 TAB,30.84,Drosalud
CLOPIDOGREL 75MG BLIST X 10 TAB,8.69,Drosalud
CLOPIDOGREL 75MG BLISTER X 10 TABLETAS,9.03,Drosalud
CLOPIDOGREL 75MG TABLETAS X 30,45.77,Drosalud
CLOPIDOGREL 75MG X 10 TAB,10.32,Drosalud
CLOPIDROGEL 75MG BLISTER X 10 TABLETAS,9.12,Drosalud
CLOPIDROGEL 75MG X 30 TAB,44.23,Drosalud
CLORACE 125 - 0.5MG / 5ML X 120ML,38.33,Drosalud
CLORACE 500MG - 4MG X 10 TAB,27.55,Drosalud
CLORACE 500MG - 4MG X 20 TAB,45.67,Drosalud
CLORACE 80MG -0.5MG/ML SOLUC GOTAS,33.84,Drosalud
CLORACI PLUS(VIT.C 1000MG+ZINC 10MG)30TB,36.12,Drosalud
CLORFENIRAMINA 10MG / 1ML (IM./I.V) AMP,4.13,Drosalud
CLORURO DE MAGNESIO 16.7GR P/P 1/2L,27.02,Drosalud
CLORURO DE MAGNESIO 240ML,24.0,Drosalud
CLORURO DE MAGNESIO 500ML,37.26,Drosalud
CLOTRIDAZOL PLUS (GEN+CLO+BET) 30G CREMA,24.18,Drosalud
CLOTRIMAZOL 1% CREMA VAGINAL 40 GR 6APLI,26.82,Drosalud
CLOTRIMAZOL 200MG OVULOS X 3,17.38,Drosalud
CLOTRIMAZOL 20MG/G (2%) C/APLIC 30GR VAG,11.27,Drosalud
CLOTRIMAZOL 500MG OVULOS X 1,20.05,Drosalud
CLOTRIMAZOL CREM VAG X 35 GR,31.06,Drosalud
CLOTRIMAZOL2% CREMA VAGINALX20GR X APLIC,22.46,Drosalud
COFADOR SOLUCION X 5ML OFTALMICA,84.34,Drosalud
COFADOR-T SOLUCION OFTALMICA X 5ML,76.55,Drosalud
COFASURE 80MG TAB ESTUCHE X 20,23.38,Drosalud
COFATODEX SUSP OFTALMICA X 5 ML,30.55,Drosalud
COLA DE CABALLO 500MG X 30 CAPS,21.39,Drosalud
COLA DE CABALLO 500MG X 60 CAPS,32.55,Drosalud
COLAGENO HIDROLIZADO 400MG X 30CAPS.,38.72,Drosalud
COLAGENO HIDROLIZADO CON VIT EYC 30 TAB,66.47,Drosalud
COLAYTE STCH. X 4 TARROS,185.61,Drosalud
COLCHICINA 500MCG BLISTER X10TAB,5.94,Drosalud
COLGESIC 400MG-4MG X 15 COMP,30.84,Drosalud
COLONPLANT 400MG X 60 CAPS,55.8,Drosalud
COLPRIN 500MG X 20 TAB,14.42,Drosalud
COLVAL 4MG X 12 TAB,41.77,Drosalud
COMPLEJO B (I.M/I.V) AMP 10ML,10.07,Drosalud
COMPLEJO B (VITB1-B6-B12 3 ML I.M AMP,7.65,Drosalud
COMPLEJO B AMPOLLA I.V/I.M 2ML X 5 AMP,20.05,Drosalud
COMPRES LAPAROT. ESTERIL PQTEX5,45.18,Drosalud
CONFIRA X 1 TEST DE EMBARAZO,5.68,Drosalud
CORATAB 81MG ESTUCHE X 30 TAB,16.01,Drosalud
CREMA DE AZUFRE 30GR,17.89,Drosalud
CREMA DE AZUFRE 50GR,25.99,Drosalud
CREMA FACIAL ANTISEPTICA 30 GR,18.93,Drosalud
CREMA FRIA 50GR,27.36,Drosalud
CREMA FRIA PIEL SECA 50 G,27.27,Drosalud
CREMA PSORIASIMED 30GR,22.2,Drosalud
CUBREBOTAS PAR,2.49,Drosalud
DECOBEL 0.5 MG X 30TAB,24.19,Drosalud
DECOBEL 8 MG/2ML VIAL,18.03,Drosalud
DEFLAZACORT 6MG BLISTER X 10 TAB,12.3,Drosalud
DERM KETA( KETOCONONAZOL 2%) CREM 15GR,9.46,Drosalud
DESLORATADINA 5MG BLIST X 10 TAB,6.02,Drosalud
DESLORATADINA 5MG BLIST X 10 TAB,7.83,Drosalud
DEXAMETASONA 1MG X 10 TABLETAS,6.37,Drosalud
DEXAMETASONA 4MG BLIST X 10 TAB,10.59,Drosalud
DEXAMETASONA 4MG X 10 COMPRIMIDOS,16.0,Drosalud
DEXAMETASONA 8 MG/2 ML AMP,3.53,Drosalud
DEXAMETASONA 8MG/2ML (I.M/I.V) AMP,1.98,Drosalud
DEXAMETASONA 8MG/2ML AMP,1.81,Drosalud
DEXAMETASONA 8MG/2ML X AMP,3.27,Drosalud
DEXTAMIN 0.5MG/ML X 60ML SOL ORAL PED,14.59,Drosalud
DEXTROMETORFANO SIMPLE120ML,19.1,Drosalud
DIAD 1.5 MG (LEVONORGESTREL) X 1COMP,5.59,Drosalud
DIAGESIC 75MG /3ML X 2 AMP,37.96,Drosalud
DICLODEX 50MG X 10 TAB,6.52,Drosalud
DICLODEX 50MG X 20 TAB,11.51,Drosalud
DICLOFENAC GEL 11.6MG/G X 60G,13.08,Drosalud
DICLOFENAC GEL 30 GR,14.19,Drosalud
DICLOFENAC GEL BP 1% X 20GR,14.11,Drosalud
DICLOFENAC POT 100MG BLIST X 10 TAB,6.71,Drosalud
DICLOFENAC POT 50MG BLIST X 10 TAB,2.24,Drosalud
DICLOFENAC POT 50MG X 10 TAB BLISTER,3.35,Drosalud
DICLOFENAC POT 50MG X 30 TAB,10.92,Drosalud
DICLOFENAC POTASICO 100MG BLIST X 10 TAB,6.37,Drosalud
DICLOFENAC POTASICO 50MG BLISTERX10 TAB,2.49,Drosalud
DICLOFENAC POTASICO 50MG X 10 TABLETAS,3.7,Drosalud
DICLOFENAC SODICO 100MG X 10TAB,4.05,Drosalud
DICLOFENAC SODICO 50MG BLISTER X 10 TAB,2.06,Drosalud
DICLOFENAC SODICO 50MG BLISTER X 10TAB,3.19,Drosalud
DICLOFENAC SODICO 50MG SUPOSIT X 10,23.23,Drosalud
DICLOFENAC SODICO 75MG/3ML I.M/I.V AMP,2.24,Drosalud
DI-EUDRIN 12.5MG X 24 TAB,22.54,Drosalud
DIGOXINA 0.25 MG BLIST X 10 TAB,28.13,Drosalud
DIGOXINA 0.25MG BLISTER X 10 TA,3.78,Drosalud
DIGOXINA 0.25MG X 20 COMPRIMIDOS,10.07,Drosalud
DINITRATO DE ISORBIDA 10MG BLISTX10TAB,3.7,Drosalud
DIOSMINA 600MG BLIST X 10 TAB,30.89,Drosalud
DIPIRONA 1G/2ML (I.M/I.V) AMP,1.98,Drosalud
DIPROP DE BETAMETASONA 5MG/ML+2MG/ML AMP,23.49,Drosalud
DIVAL (DICLOFE SOD) 75MG/3ML X 2 AMP,20.09,Drosalud
DIVAL (DICLOFENAC SOD) 50MG X 20 TAB,10.87,Drosalud
DIVAL FORTE (DICLOF SOD)100MG X 20 TAB,23.25,Drosalud
DOLMAX 50 G,28.91,Drosalud
DOMPERIDONA 10MG BLISTER X 10 TAB,5.08,Drosalud
DOMPERIDONA 10MG BLISTER X 10TAB,4.82,Drosalud
DOXICICLINA 100MG BLISTER X 10TAB,12.3,Drosalud
DUROVAL 100MG X 1 TAB,11.7,Drosalud
DUROVAL 50MG X 1 TAB,6.28,Drosalud
DUROVAL 50MG X 2 TAB,11.19,Drosalud
DUROVAL 50MG X 3 TAB,16.18,Drosalud
DUVADILAN 10MG X 30 COMPRIMIDOS,90.27,Drosalud
EFEDRINA SULFATO 6% 1ML (I.M/I.V/S) AMP,20.65,Drosalud
ENALAPRIL (RENOPRIL) 20MG X 30 TAB,10.07,Drosalud
ENALAPRIL 10MG BLISTER X10 TAB,2.49,Drosalud
ENALAPRIL 10MG X 30 COMP,5.59,Drosalud
ENALAPRIL 10MG X 30 TAB,9.49,Drosalud
ENALAPRIL 20MG BLIST X 10 TAB,4.3,Drosalud
ENALAPRIL 20MG BLISTER X 10 TAB,3.62,Drosalud
ENALAPRIL 20MG BLISTER X 10 TAB,3.78,Drosalud
ENALAPRIL 20MG X 30TABLETAS,11.15,Drosalud
ENEMAX-A FRASCO 66ML,30.72,Drosalud
ENLAPRIL 20MG X 30 TAB,12.39,Drosalud
ENOXAPARINA SODICA 40MG/0.4ML AMP,74.85,Drosalud
EPITRAL 100MG X 30 TAB,42.16,Drosalud
EPITRAL 50MG X 30 TAB,27.36,Drosalud
ERBRIX-50 (SILDENAFIL) 50MG X 8 TAB,10.76,Drosalud
ERILON 0.05% CREMA TUBO 15G,24.25,Drosalud
ESOMEPRAZOL 40MG BLIST X 10 TAB,6.02,Drosalud
ESOMEPRAZOL 40MG BLISTER X 10 TAB,6.02,Drosalud
ESOMEPRAZOL 40MG X 10 TAB (BLISTER),6.19,Drosalud
ESPIRINOLACTONA 25MG BLIST X 10 TAB,15.66,Drosalud
ESPIRONOLACTONA 100MG BLISTX 10 TAB,22.37,Drosalud
ESPIRONOLACTONA 25MG X 10 TAB BLISTER,6.28,Drosalud
ESQUIDONE 2MG X 30 TAB,49.82,Drosalud
ESQUIDONE 3MG X 30 TAB,60.83,Drosalud
ESTERILIZADOR AL FRIO GALON ZERO BAC,138.7,Drosalud
ETORICOXIB 60MG BLIST X 10 TAB,19.27,Drosalud
ETORICOXIB 90MG BLIST X 10 TAB,28.83,Drosalud
ETOROCZIA 60MG BLIST X 10 TAB REC,28.84,Drosalud
EUSILEN 4MG X 15 COMP,21.01,Drosalud
EUSILEN 4MG X 8 COMP,12.22,Drosalud
EUSILEN 4MG/2ML KIT X 1AMP,18.72,Drosalud
EUSILEN DUAL X 10 TAB,30.14,Drosalud
FAMOTIDINA 40MG BLIST X 10 TAB,8.17,Drosalud
FANASAL GOTAS ADULT 15ML,11.7,Drosalud
FANASAL GOTAS PED X 15ML,11.27,Drosalud
FEM DUCHA VAGINAL FRASCO 135ML C/CANULA,23.13,Drosalud
FEMIZOL 750MG-200MG OVULOS X7,92.16,Drosalud
FINALGRIP (PARACE+CETI+FENILE)BLISTX10TB,8.43,Drosalud
FINASTERIDA 5MG BLIST X 10 TAB,12.99,Drosalud
FINASTERIDA 5MG X 10 TABLETAS,19.45,Drosalud
FITOMENADIONA 10MG / 1ML (I.M/SUBC) AMP,4.56,Drosalud
FLAVOXATO 200MG X 10 TAB BLISTER,12.56,Drosalud
FLENOX 15MG/5ML SOL PEDIATRICO FCO120ML,21.35,Drosalud
FLENOX 30MG/5ML SOL ADULTOS FCO 120ML,32.35,Drosalud
FLEX ENEMA 130ML,33.73,Drosalud
FLEXURAT 500MG-400MG X 30 TABLETAS,77.69,Drosalud
FLOGAREN 50 MG X 20 TAB,16.12,Drosalud
FLOR DE JAMAICA 10GR PAPELETA,11.87,Drosalud
FLORASTOR X 12 CAP,59.37,Drosalud
FLORINA-L ANTICON X 21 TAB,8.6,Drosalud
FLUCONAZOL 150MG X 1 TAB,3.1,Drosalud
FLUCONAZOL 150MG X 2 CAPS,14.62,Drosalud
FLUCONAZOL 150MG X 2 CAPS,7.22,Drosalud
FLUCONAZOL 150MG X 2 CAPS,7.22,Drosalud
FLUCONAZOL 150MG X 2CAPSULAS,2.84,Drosalud
FLUCONAZOL SOL/INY 200MG/100ML,14.54,Drosalud
FLUNARIZINA 10MG X 10 TAB (BLISTER),13.25,Drosalud
FLUOXETINA 20MG BLIST X 10 TAB,2.58,Drosalud
FLUOXETINA 20MG X 10 TAB BLISTER,2.67,Drosalud
FLUOXETINA 20MG X 14 CAPS,17.79,Drosalud
FOLAC 10 MG X 20 TAB,14.42,Drosalud
FOLAC 5 MG X 20 TAB,11.24,Drosalud
FOLIFER B-12 X 30 TAB,31.81,Drosalud
FOSFOLIT 21.6G-8.1G/45ML SOL ORALX45ML,94.29,Drosalud
FUROSEMIDA 20MG/2ML (I.M/I.V) AMP,1.72,Drosalud
FUROSEMIDA 40MG BLISTER X 10TAB,2.41,Drosalud
FUROSEMIDA 40MG X 10 TAB,3.1,Drosalud
FUROSEMIDA 40MG X 10 TAB,2.75,Drosalud
FUROSEMIDA 40MG X 12 TABLETAS,5.93,Drosalud
FUROSEMIDA 40MG X 20 COMP,7.83,Drosalud
GABAPENTINA 300MG BLISTER X 10 TAB,19.36,Drosalud
GABAPENTINA 300MG BLISTER X10TAB,17.21,Drosalud
GABAPENTINA 300MG X 10 TAB,14.37,Drosalud
GABOX 200MG X 20 TAB,33.15,Drosalud
GARCINIA CAMBOGIA 500MG X 30 CAPS,29.75,Drosalud
GARCINIA CAMBOGIA 500MG X 60 CAPS,46.53,Drosalud
GEL ANTIBACTERIAL 240ML,31.32,Drosalud
GEL ANTIBACTERIAL 500ML,38.37,Drosalud
GEL ANTIBACTERIAL ZERO GEL GALON,263.45,Drosalud
GEL COOL ICE AZUL 250CC,37.6,Drosalud
GEL COOL ICE VERDE 250CC,35.97,Drosalud
GENTA+BETA+CLOTRI LATA DE 15GR,18.24,Drosalud
GENTAMICINA 0.1% CREMA 20GR,10.07,Drosalud
GENTAMICINA 160MG/2ML (I.M/I.V) AMP,5.94,Drosalud
GENTAMICINA 80MG/2ML (I.M/I.V) AMP,4.22,Drosalud
GINACOL 0.1% SOL USO VAGINAL FCO 135ML,22.54,Drosalud
GINO-COLON 45 GR X 7 APLICADORES,43.02,Drosalud
GINO-MIZONOL(NITRATO D MICONAZ) 20MG/G,54.12,Drosalud
GLIBENCLAMIDA 5MG BLIST X 10 TAB,2.32,Drosalud
GLIBENCLAMIDA 5MG X 10 TAB,3.19,Drosalud
GLIBENCLAMIDA 5MG X 10 TAB (BLISTER),3.19,Drosalud
GLIBENCLAMIDA 5MG X 30 COMP,7.57,Drosalud
GLICERINA 1.68G SUPOSITORIO PEDIATRIC X6,36.49,Drosalud
GLICERINA 2.88G SUPOSITORIOS X 6,49.32,Drosalud
GLICERINA 30ML,11.87,Drosalud
GLIMEPIRIDA 2MG BLIST X 10 TAB,4.73,Drosalud
GLIMEPIRIDA 2MG BLISTER X 10 TABLETAS,4.22,Drosalud
GLIMEPIRIDA 4MG BLIST X 10 TAB,8.0,Drosalud
GLIMEPIRIDA 4MG BLISTER X 10 TABLETAS,9.03,Drosalud
GLIMEPIRIDE 2MG BLIST X 10 TAB,4.48,Drosalud
GLUCOFRED 80MG X 10 TAB,19.53,Drosalud
GLUCONATO DE CALCIO 10% SOL FR 100 ML,32.95,Drosalud
GLUCOZIM 500MG X 20 COMP.,29.11,Drosalud
GORRO DE CIRUJANO DESC,1.46,Drosalud
GORRO DE CIRUJANO FUCSIA,1.63,Drosalud
GORRO DE ENFERMERA BLANCO,1.03,Drosalud
GOTAS DE VALERIANA 15 ML,14.8,Drosalud
GOTAS DE VALERIANA 30 ML,18.32,Drosalud
GRIPALCE 400MG+4MG+4MG X 20 CAPSULAS,22.54,Drosalud
GRIPALCE DISP 20 BLIST X 10 CAP,217.94,Drosalud
GUANTES DE EXAMEN TALLA L,146.27,Drosalud
GUANTES DE EXAMEN TALLA L CAJA X100,242.72,Drosalud
GUANTES DE EXAMEN TALLA M,146.27,Drosalud
GUANTES DE EXAMEN TALLA M CAJA X100,242.72,Drosalud
GUANTES DE EXAMEN TALLA S,146.27,Drosalud
GUANTES DE EXAMEN TALLA S CAJA X 100,242.72,Drosalud
GUANTES DE NITRILO TALLA L,184.99,Drosalud
GUANTES DE NITRILO TALLA M,184.99,Drosalud
GUANTES DE NITRILO TALLA S,184.99,Drosalud
GYNKOLA 500MG X 60 CAPS,55.8,Drosalud
GYNOVIT DUCHA VAGINAL X130ML,29.71,Drosalud
HALOPERIDOL 5MG/1ML (I.M/I.V) AMP,10.76,Drosalud
HALOPERIDOL BP 5MG BLIST X 10 TAB,4.13,Drosalud
HEMORROIMED CREMA 30GR,38.64,Drosalud
HENOVIC SOLUCION ORAL GOTAL X30ML,46.58,Drosalud
HIDROCLOROTIAZIDA 12.5MG BLIST X 10TAB,3.01,Drosalud
HIDROCLOROTIAZIDA 25MG BLISTER X 10 TAB,2.32,Drosalud
HIDROCORTISONA 100MG (I.M/I.V) AMP,9.81,Drosalud
HIDROXIDO DE ALUMINIO 6% X 100ML,18.59,Drosalud
HIERRO SACAROSA 100MG/5ML (I.V) AMP,22.29,Drosalud
HISTALER 0.5MG/ML X 60ML JBE PED,23.83,Drosalud
HISTALER 5MG X 30 TAB,34.26,Drosalud
HOJAS DE SEN 5GR PAPELETA,12.56,Drosalud
IBECAR 150MG X 30 TABLETAS,86.04,Drosalud
IBOTUNI (IBUPRO+TIOCOL) 600/4MG X 10TAB,21.77,Drosalud
IBUCOLVAL 400MG-4MG X 20 TAB,63.15,Drosalud
IBUCOLVAL 600-4MG X 20 TAB,77.09,Drosalud
IBUFENAC 400MG X 20 CAPS,53.03,Drosalud
IBUN (IBUPROFENO) 400MG X 10 TAB,10.7,Drosalud
IBUN (IBUPROFENO) 600MG X 10 TAB,18.08,Drosalud
IBUPROFENO 400MG BLIST X 10 TAB,3.78,Drosalud
IBUPROFENO 400MG BLIST X 10 TAB,6.28,Drosalud
IBUPROFENO 400MG X 20 TAB,11.87,Drosalud
IBUPROFENO 600MG BLIST X 10 TAB,6.02,Drosalud
IBUPROFENO 600MG BLISTER X 10 TAB,9.21,Drosalud
IBUPROFENO 600MG BLISTER X 10 TABLETAS,6.71,Drosalud
IBUPROFENO 800MG BLISTER X 10 TABLETAS,9.98,Drosalud
IBUTIL 400MG/4 X 20 TAB,80.88,Drosalud
INNOBROX(CLARITROMI)250MG/5ML X60ML SUSP,60.31,Drosalud
IPALAT 1% CREMA 20G,44.76,Drosalud
IPALAT 10MG/ML X 20ML SOL.,34.71,Drosalud
IRBESARTAN 150MG BLIST X 10 TAB,16.69,Drosalud
IRBESARTAN 150MG BLISTER X10 TABLETAS,18.93,Drosalud
IRBESARTAN 300MG BLIST X 10 TAB,15.83,Drosalud
IRBESARTAN 300MG X 10 TAB,26.16,Drosalud
ISOSPRAY PLUS 0.15%.-25% SOLUCION FRASCO,29.06,Drosalud
IVAGAN FORTE 25BLISTER X4 TABLETAS,148.28,Drosalud
IVAGAN FORTE TAB RECUBIERTAS EST 10 TABL,16.61,Drosalud
IVAGAN TAB RECUBERTAS EST 10TAB,15.42,Drosalud
IVERMECTINA 6MG X 4 TAB,12.99,Drosalud
IVERMED CREMA (IVERMECTINA 0.4%) 60GR,36.22,Drosalud
IVERMED LOCION(IVERMECTINA 0.4%)100ML,39.83,Drosalud
JABON LIQ. PARA MANOS- FRUTAS VERDES,10.59,Drosalud
JABON LIQ. PARA MANOS- KIWI,10.59,Drosalud
JABON LIQ. PARA MANOS OCEANO,10.59,Drosalud
JABON LIQ. PARA MANOS PRIMAVERA SPRING,10.59,Drosalud
JABON LIQ. PARA MANOS-FRUTAS EXOTICAS,10.59,Drosalud
JABON LIQ. PARA MANOS-GRANADA,10.59,Drosalud
JABON LIQ. PARA MANOS-TROPICAL CITRICOS,10.59,Drosalud
JARABE FRAILEJON 120 ML,24.78,Drosalud
JARABE LAMEDOR 120 ML,24.43,Drosalud
JARABE SABILA 120 ML,27.02,Drosalud
JELCO N°18,6.37,Drosalud
JELCO N°20,7.05,Drosalud
JELCO N°24,7.05,Drosalud
JERINGA 3 CC21 1/2 UNIDAD,0.6,Drosalud
KATIVIL 1G/10ML SOL ORAL X 120ML S/AZUC,45.67,Drosalud
KATIVIL 1G/10ML SOL ORAL X 90ML S/AZUCAR,34.71,Drosalud
KENTUNI(TRIAMCINOLONA)10MG/MLX5ML I.M/IA,89.39,Drosalud
KETAZOL 2% CHAMPU X60ML,97.17,Drosalud
KETOCONAZOL 400MG X 5 OVULOS VAG.,35.8,Drosalud
KETOCONAZOL CR TOPICA 2% X30GR,19.36,Drosalud
KETOCONAZOL CREMA 2% W/W 15GR,21.08,Drosalud
KETOLAC 20MG BLIST X 10 COMP,17.42,Drosalud
KETOPROFENO 100MG BLIST X 10 TAB,10.41,Drosalud
KETOPROFENO 100MG BP BLISTER X 10 TAB,22.46,Drosalud
KETOPROFENO 100MG X 10 TAB,25.57,Drosalud
KETOPROFENO 100MG X 10 TABLETAS,12.81,Drosalud
KETOPROFENO 100MG X 20 TABLETAS,19.93,Drosalud
KETOPROFENO POLV/INY 100MG (I.M/I.V),14.46,Drosalud
KETOROLACO 30MG (IV/IM) AMP,9.38,Drosalud
KETROPROFENO 100MG/2ML (I.M/I.V) AMP,10.16,Drosalud
KIT 9-VIT MULTIVITAMINICO (I.V),61.52,Drosalud
KIT DE LAPARATOMIA ESTERIL II 40GR,122.95,Drosalud
KOREOFIN(LEVO 0.15MG+ETINI 0.03MG)X28TAB,22.03,Drosalud
LAGRICOF SOL X 15 ML,43.34,Drosalud
LANDGRA(SILDENAFI)100MG G/ ORAL BNANA,6.71,Drosalud
LANDGRA(SILDENAFI)100MG G/ORAL MANGO,6.71,Drosalud
LANOLZINC X 60 G POMADA,28.48,Drosalud
LANZOPRAZOL 30MG BLIST X 10 TAB,9.81,Drosalud
LECHE MAGNESIA 100ML,13.34,Drosalud
LEVADURA DE CERVEZA 400MG X 30CAPS.,28.65,Drosalud
LEVOFLOXACINA 500MG BLIST X 10 TAB,15.57,Drosalud
LEVOFLOXACINA 500MG BLIST X 10 TAB,20.4,Drosalud
LEVOFLOXACINA 500MG BLISTER X 10 TABL,18.59,Drosalud
LEVOFLOXACINA 500MG/100ML INFUSION I.V,25.81,Drosalud
LEVOFLOXACINA 750MG BLIST X 10 TAB,21.08,Drosalud
LEVOFLOXACINA 750MG BLIST X 10 TAB,25.81,Drosalud
LEVOFLOXACINA 750MG BLISTER X 10 TABLET,25.73,Drosalud
LEVOSULPIRIDE 25MG BLIST X 10 TAB,7.83,Drosalud
LEVOTIROXINA 100MCG BLISTER X 10 TAB,6.54,Drosalud
LEVOTIROXINA 50MCG BLISTER X 10 TAB,4.3,Drosalud
LIDOCAINA 2% AMP (IM/IV) 3 ML,3.44,Drosalud
LIDOCAINA URETRAL 20MG/G X 30 G,23.23,Drosalud
LINAZA MOLIDA CON AVENA 250GR,76.4,Drosalud
LINAZA MOLIZA 250GR,65.56,Drosalud
LINAZEITE ACEITE DE LINAZA X 30 CAPS,66.69,Drosalud
LINAZEITE ACEITE DE LINAZA X 60 CAPS,113.23,Drosalud
LISIN-BE ALIMENTO LIQUIDO FCO 120ML,38.53,Drosalud
LISINOPRIL 10MG BLISTER X10 TAB,5.85,Drosalud
LISINOPRIL 10MG X 10 TAB BLIST,8.43,Drosalud
LISINOPRIL 20MG X 10 TAB BLIST,12.39,Drosalud
LIT (10.8G-4.05G) ENEMA PED 67.5ML,75.24,Drosalud
LIT (16G-6G) ENEMA ADULTO 100ML,77.85,Drosalud
LOCION JABONOSA DE AZUFRE 120ML,32.86,Drosalud
LODESTAR HCT 50MG - 12.5MG X 30 TAB,39.15,Drosalud
LOGANIL 250MG/5ML JARABE ADULTOS X120ML,30.25,Drosalud
LOKARIN 5MG -60MG / 5ML JBE X 60ML,26.1,Drosalud
LOPERAM 2MG TAB (50X4) DISPENSADOR,651.23,Drosalud
LOPERAMIDA 2MG BLIST X 6 TAB,3.53,Drosalud
LORADEX 10MG X 10 TAB,6.76,Drosalud
LORATADINA 10MG BLISTER X10 TAB,5.33,Drosalud
LORATADINA 10MG BLISTER X10 TAB,4.05,Drosalud
LORATADINA 10MG X 10 TAB,5.12,Drosalud
LORATADINA 10MG X 10 TAB (BLISTER),3.87,Drosalud
LORAVAL 10MG X 10 TAB,13.43,Drosalud
LORAVAL 5MG/5ML X 60 ML JBE PED,16.43,Drosalud
LOSARTAN 50MG / 12.5MG . X 10 TAB BLIST,6.11,Drosalud
LOSARTAN POT 50MG X 30 TAB,35.27,Drosalud
LOSARTAN POT HIDROCLOTIAZIDA 50MG/12.5MG,8.6,Drosalud
LOSARTAN POTASICO 100MG X 10 COMP REC.,12.04,Drosalud
LOSARTAN POTASICO 50MG BLIST X 10 TAB,3.42,Drosalud
LOSARTAN POTASICO 50MG TABLETAS X30,17.89,Drosalud
LOSARTAN POTASICO 50MG X 10 TAB BLISTER,4.13,Drosalud
LOSARTAN POTASICO 50MG X 30 COMP,11.53,Drosalud
LOSARTANA POTASSICA 50MG X 30 COMP,7.92,Drosalud
LUMBAX 600MG X 10 TAB,29.71,Drosalud
"MACROGOTERO EN ""Y""",4.38,Drosalud
MAGMAX TRAD (LECHE MAGNESIA) 100ML,14.71,Drosalud
MAGNESIO AMINOQUELADO,51.93,Drosalud
MANZANILLA (PAPELETA) 5GR,15.83,Drosalud
MASCARILLAS CON LIGA (FUCSIA),2.58,Drosalud
MASCARILLAS FACIALES KN95 -BLANCAX 5 UND,37.0,Drosalud
MASCARILLAS FACIALES KN95- ROJA X 5 UND,37.0,Drosalud
MASCARILLAS QUIRURG KIDS 3CAPAS X50 PZAS,29.68,Drosalud
MASCARILLAS QUIRURG KIDS KFP4 3DX10 PZAS,15.66,Drosalud
MASCARILLAS QUIRURG KIDS KFP94 95%X10PZS,15.66,Drosalud
MELAX LAXANTE NATURAL POLVO FCO. 200 G,94.47,Drosalud
MELOXICAM 15MG BLIST X 10 TAB,4.56,Drosalud
MELOXICAM 15MG X 10 TAB BLIST,6.8,Drosalud
MELOXICAM 15MG/1.5ML (I.M) AMP,6.11,Drosalud
MEMANTINA 10MG X 14 TAB,31.32,Drosalud
MENTOL 10GR,17.89,Drosalud
MENTOL DAVIS 14.18G,7.75,Drosalud
MEROPENEM 1GR (I.V) AMP,74.42,Drosalud
MEROPENEM 1GR AMPOLLA,67.02,Drosalud
MEROPENEM 500MG AMP,43.37,Drosalud
MERTHIOLATE 0.13% SOL INCOLORA X 60ML,38.99,Drosalud
MERTHIOLATE 0.13% TINTURA ROJA X 60ML,31.85,Drosalud
METFORMINA 500MG BLIST X 10 TAB,3.27,Drosalud
METFORMINA 500MG BLISTER X 10 TAB.,7.14,Drosalud
METFORMINA 500MG TABLETAS X 30,19.7,Drosalud
METFORMINA 500MG X 30 TAB,15.92,Drosalud
METFORMINA 500MG X 30 TAB,10.92,Drosalud
METFORMINA 500MG+GLIBEN 5MG X 30,28.56,Drosalud
METFORMINA 850MG BLIST X 10 TAB,5.94,Drosalud
METFORMINA 850MG X 10 TAB BLIST,6.28,Drosalud
METFORMINA L.P 1GR BLIST X 10 TAB,9.64,Drosalud
METILPREDNISOLONA 500 MG (I.M/I.V) AMP,59.88,Drosalud
METOCLOPRAMIDA 10MG BLISTER X10 TABLET,3.62,Drosalud
METOCLOPRAMIDA 10MG/2ML (I.M/I.V) AMP,2.58,Drosalud
METOCLOPRAMIDA 10MG/2ML (I.M/I.V) AMP,2.75,Drosalud
METOTREXATO 2.5MG BLIST X 10 TAB,43.8,Drosalud
METRONIDAZOL 125MG/5ML X 100ML SUSP PED,19.02,Drosalud
METRONIDAZOL 500 MG OVULOS X 10,33.21,Drosalud
METRONIDAZOL 500MG BLIST X 10 TAB,6.37,Drosalud
METRONIDAZOL 500MG BLIST X 10 TAB,7.05,Drosalud
METRONIDAZOL 500MG/100ML FCO,11.19,Drosalud
METRONIDAZOL+MICONAZOL 750MG/200MG OVUX7,61.69,Drosalud
METSIGLIN 500/50MG X 10 TAB,39.78,Drosalud
MILAX X 120 GR,46.66,Drosalud
MILAX X 360 GR,119.0,Drosalud
MIOVIT COMP SOLUCIONKIT X 6 AMP,45.18,Drosalud
MIOVIT GRAGEAS X 10,14.61,Drosalud
MIOVIT GRAGEAS X 30,43.43,Drosalud
MIOVIT GRAGEAS X 60,73.82,Drosalud
MIOVIT JARABE X 180 ML,66.68,Drosalud
MIOVIT JBE SIN AZUCAR X 90ML,42.93,Drosalud
MIOVIT SOL INYECT KIT X 3 AMP,33.79,Drosalud
MIOVIT SOL INYECT. KIT X 1 AMP,17.35,Drosalud
MIRTAZAPINA 15MG BP BLIST X 10 TAB,10.84,Drosalud
MIRTAZAVAL (MIRTAZAPINA) 30MG X 30 TAB,57.99,Drosalud
MISULVAN 7.5MG/ML X 30ML SOL GOTAS,13.16,Drosalud
MISULVAN COMPOSITUM JBE ADULT X 120ML,17.2,Drosalud
MISULVAN COMPOSITUM JBE.PED X120ML,16.37,Drosalud
MONO PARA CIRUJANO (TALLA M),31.4,Drosalud
MONO PARA CIRUJANO (TALLA XL),29.59,Drosalud
MONO PARA CIRUJANO TALLA L,23.83,Drosalud
MONO PARA CIRUJANO TALLA L (FUCSIA),27.88,Drosalud
MONTELUKAST 10MG BLIST X 10 TAB,14.89,Drosalud
MONTELUKAST 5MG BLIST X 10 TAB,8.08,Drosalud
MORINGA 450MG X 60 CAPS,46.53,Drosalud
MUCOBROL 4MG/5ML X 120ML JBE,51.61,Drosalud
MUCOFAR JARABE PED X 120ML,17.38,Drosalud
MUCOLIPTO 15MG/5ML JARABE X90ML,30.14,Drosalud
MUCORAMA 15MG/5ML JARABE X118ML,31.48,Drosalud
MULTIDERM2% UNGUENTO TUBO 15 GR,27.28,Drosalud
MULTIVITAMINA JBE X 100ML,21.68,Drosalud
MUPIROCIN 2% UNGUENTO 15GR,39.75,Drosalud
NACLODIN 0.150 MG X 20 COMP,33.56,Drosalud
NANOCREAM 50 G,28.22,Drosalud
NAPROXENO 500MG X 10 TABLETAS,18.41,Drosalud
NAPROXENO 550MG BLISTER X 10 TAB,26.16,Drosalud
NARIX (NINAZO) 0.5MG/ML X30ML,12.99,Drosalud
N-BUTIL BROMURO HIOSC 20 MG (I.M/I.V)AMP,7.75,Drosalud
NEODIA (PASTILLA DE EMERGENCIA) X 1 COMP,3.1,Drosalud
NIFEDIPINA 10MG BLIST X 10 TAB,3.44,Drosalud
NIFEDIPINA 10MG BLISTER X10 TABLETAS,2.58,Drosalud
NIFEDIPINA 20MG BLISTER X 10TAB,4.48,Drosalud
NIFEDIPINA LP 20MG BLIST X 10 TAB,4.22,Drosalud
NISTATINA 100000 IU SUSP 30ML,17.56,Drosalud
NISTATINA OV/ VAG 100.000 UI BLIST X 10,26.24,Drosalud
NISTATINA+OX ZINCO 100.000 UI POM 60G,20.91,Drosalud
NITAZOXANIDA 500MG X 10 CAPS,36.25,Drosalud
NORSINA 500MG - 10MG X 12 TAB,26.69,Drosalud
NOVACODIN 50MG/5ML SOL ORAL X120ML,30.73,Drosalud
NOXIPAIR (ENOXOPARINA) 80MG/08MLX 2 AMP,224.99,Drosalud
NOXIPAR(ENOXOPARINA) 60MG /0.6ML X 2 AMP,190.15,Drosalud
ÑAME SALVAJE MEXICANO 365MG X 60 CAP,46.53,Drosalud
OBTURADOR TAPA HEPARINA,0.78,Drosalud
OLANZAPINA 5MG BLIST X 10 TAB,10.59,Drosalud
OLANZAPINA 5MG X 10 TAB,9.25,Drosalud
OLANZAPINA ORODISPERSAB 5MG BLSTX10TAB,12.82,Drosalud
OLMESARTAN 20MG BLISTER X 10 TAB,10.59,Drosalud
OLMESARTAN 20MG TABLETAS X 30,35.8,Drosalud
OMEPRAZOL 20MG BLIST X 10 TAB,4.05,Drosalud
OMEPRAZOL 20MG BLIST X 10 TAB,3.35,Drosalud
OMEPRAZOL 20MG C/ MICROG ENTX30CAPS,27.68,Drosalud
OMEPRAZOL 20MG C/MICROG ENTX7CAPS,7.27,Drosalud
OMEPRAZOL 20MG CAP.M.G.E(10X7) DISP,46.03,Drosalud
OMEPRAZOL 20MG X 10 CAPSULAS,3.78,Drosalud
OMEPRAZOL 20MG X 56 CAPS,21.25,Drosalud
OMEPRAZOL 40MG AMP,6.71,Drosalud
OMOPREL (OMEPRAZOL) 20MG X 28 CAP,16.78,Drosalud
ONDANSETRON 8MG/4MLAMP,9.98,Drosalud
ORALZINC S/MANDARINA X 1 SOBRE,32.97,Drosalud
OXACILINA 1GR,4.99,Drosalud
OXALAMINA 50MG/5MLX120ML JBE ADULTO,31.58,Drosalud
OXIMETAZOLINA CLORH 0.025% X 15ML PED,26.84,Drosalud
OXITOCINA 5 U. I/ 1ML (I.M/I.V) AMP,4.73,Drosalud
OXOLAMINA 28MG/5ML X 120 ML JBE PED,30.2,Drosalud
PANTOPRAZOL / DOMPE 40/30MG BLISTX 10TAB,7.75,Drosalud
PANTOPRAZOL 40MG BLIST X 10 TAB,6.71,Drosalud
PANTOPRAZOL SODICO 40MG TABLETAS X 7,12.65,Drosalud
PARACETAMOL 500MG BLIST X 10 TAB,2.92,Drosalud
PASTEZINC 50 G,25.56,Drosalud
PENICILINA BENZAICA 1.200.000UI AMP,2.92,Drosalud
PENICILINA BENZAICA 2.400.000 UI AMP,6.02,Drosalud
PINVEX 5G-1G/100ML X 10ML SOL,35.62,Drosalud
POLIVIT A-Z+ MINERALES X 60 CAPSULAS,20.13,Drosalud
PRALINA (PREGABALINA) 75MG X 14 CAPS,24.31,Drosalud
PREDNISOLONA 5MG BLIST X 10 TAB,5.76,Drosalud
PREDNISOLONA 5MG X 10 TABLETAS,6.62,Drosalud
PREDNISOLONA 5MG X 30 TAB,19.53,Drosalud
PREDNISONA 50MG X 10 TAB,38.03,Drosalud
PREDNISONA 5MG BLIST X 10 TAB,9.29,Drosalud
PREDNISONA 5MG X 10 TAB,13.94,Drosalud
PREGABALINA 150MG BLISTER X 10 CAPSULAS,8.6,Drosalud
PREGABALINA 75MG BLIST X 10 TAB,14.29,Drosalud
PREGABALINA 75MG BLIST X 10 TAB,10.67,Drosalud
PREGABALINA 75MG X 10 TAB,16.69,Drosalud
PREGABALINA 75MG X 10 TAB BLIST,16.69,Drosalud
PRELIVAL (PREGABALINA) 150MG X 20 CAPS,59.8,Drosalud
PRELIVAL (PREGABALINA) 75MG X 20 CAPS,41.91,Drosalud
PREVERAL CON DEXTRO JBE X120ML,37.86,Drosalud
PROMEDINA 2MG 7.5MG/5ML SOL ORAL X120ML,36.54,Drosalud
PROPANOLOL 10 MG X 20 TABLETAS,13.05,Drosalud
PROPANOLOL 40MG BLISTER X 10 TABLETAS,4.9,Drosalud
PROPANOLOL 40MG X 20 TABLETAS,23.72,Drosalud
PROPANOLOL 40MG X20 COMPRIMIDOS,11.15,Drosalud
PROPRANOLOL TAB 40MG BLISTER X 10 TAB,3.7,Drosalud
PROTEINA LS HUEVO SABOR A CHOCOLATE 250G,116.15,Drosalud
PROTEINA LS HUEVO SABOR A VAINILLA 250G,116.15,Drosalud
PYLOOCAIN(UGUENTO P/HEMORROIDE) 30GR,29.68,Drosalud
QUETIAPINA 100MG BLIST X 10 TAB,12.3,Drosalud
QUITACALLOS POMADA TOPICA 8GR,19.62,Drosalud
RANITIDINA 150MG BLIST X 10 TAB,6.62,Drosalud
RANITIDINA 50MG/2ML (I.M/I.V) AMP,14.5,Drosalud
RANITIDINA 50MG/2ML (I.M/I.V) AMP,1.98,Drosalud
RARIVIT A-Z X 60 COMPRIMIDOS,37.77,Drosalud
RARIVIT CABELLO X 30 CAPSULAS,27.97,Drosalud
RARIVIT CALCIO 250ML,26.84,Drosalud
RARIVIT E-VITAMINA E X30 CAPSULAS,28.13,Drosalud
RARIVIT IMUNO VITC+D+ZINC X 30 TAB,24.0,Drosalud
RARIVIT MUJER X 60 COMPRIMIDOS,38.03,Drosalud
REDUBEN 100MG X 10 TAB,36.99,Drosalud
REFLUXYL SUSPENSION X120ML,81.62,Drosalud
REHIDROSOL FRAMBUESA 45 MEQ/L X 600ML,35.8,Drosalud
REHIDROSOL FRESA 45 MEQ/L X 600 ML,35.8,Drosalud
REHIDROSOL MANZANA 60 MEQ/L X 600 ML,38.72,Drosalud
REHIDROSOL UVA 45 MEQ/L X 600 ML,35.8,Drosalud
RHELEN ARNICA CRISTAL 100GR,19.96,Drosalud
RHELEN ARNICA PLUS 100GR,25.04,Drosalud
RHELEN ARNICA PLUS CRISTAL 250GR,41.56,Drosalud
RHELEN ARNICA PLUS FLIP TOP 240GR,37.6,Drosalud
RHELEN ARNICA PLUS SPRAY X 120ML,25.04,Drosalud
RHELEN ARNICA PLUS TARRO 250GR,41.21,Drosalud
RHELEN ARNICA ROLL ON PLUS 90ML,21.43,Drosalud
RHELEN BODY CARE FRESH 250ML,18.59,Drosalud
RHELEN BODY CARE FRESH 400ML,23.06,Drosalud
RHELEN BODY CARE TROPICAL 250ML,23.57,Drosalud
RHELEN BODY CARE TROPICAL 400ML,23.06,Drosalud
RHELEN CREM CORPORAL C/VIT E 250ML,22.8,Drosalud
RHELEN CREM CORPORAL C/VIT E 400ML,23.83,Drosalud
RHELEN CREM REFRESCANTE P/LOS PIES 250GR,32.1,Drosalud
RHELEN SOLUCION JABONOSA INTIMA 250ML,33.99,Drosalud
RINOT X 12 CAPSULAS,17.79,Drosalud
RISPERIDONA 2MG BLIST X 10 TAB,10.67,Drosalud
ROCARNIN 10 FCO X 120 ML,32.88,Drosalud
RONAVIT EST X 20 CAPS,19.09,Drosalud
ROSUVASTATINA 20MG BLISTER X10TAB,9.46,Drosalud
SAL DE EPSON (PAPELETA) 20GR,13.76,Drosalud
SAL DE FRUTAS (3 SOBRES),16.95,Drosalud
SARIFAN COMPOS. X 20 TAB,46.41,Drosalud
SAW PALMETO 300MG X 60 CAPS,41.81,Drosalud
SAW PALMETTO 500MG X 60 CAPS,39.07,Drosalud
SAX SOL FRASCO 135ML C/CANULA VAGINAL,24.91,Drosalud
SAXACID SOL VAGINAL FCO 135ML C/CANULA V,23.13,Drosalud
SECNIDAZOL 1000MG X 2 COMP,11.7,Drosalud
SECNIDAZOL 1GR BLISTER X 2 TAB,11.02,Drosalud
SECNIDAZOL SUSP 125MG X 30ML,35.88,Drosalud
SECNIDEX 500MGX 4 TABLETAS,10.32,Drosalud
SET DE INFUSION DE SANGRE,5.25,Drosalud
SILDENAFIL 50MG X 8 TAB,7.75,Drosalud
SILDENAFIL TAB 50MG X 4 TAB,4.13,Drosalud
SILDENAFIL(SOSTENGO LIGHT 50X2TAB,3.01,Drosalud
SILDEX 100MG X 1 TAB,3.8,Drosalud
SILDEX 100MG X 2 TAB,5.57,Drosalud
SILDEX 50MG X 1 TAB,3.44,Drosalud
SILDEX 50MG X 2 TABLETAS,5.45,Drosalud
SILVADEX CREMA 1%(SULFADI DE PLATA) 20G,23.49,Drosalud
SIMETICONA 75MG/ML GOTAS X 15 ML,7.83,Drosalud
SIMVASTATINA 20MG X 10 TAB BLIST,5.94,Drosalud
SKOLLAGE(COLAGENO ANTIOX) 500MG X60 CAPS,55.8,Drosalud
SOL. CLORURO DE SODIO 0.9% 500ML,8.6,Drosalud
SOLUCION CLORURO DE SODIO 0.45% 500ML,16.61,Drosalud
SOLUCION RINGER LACTATO 500ML,16.78,Drosalud
SOMA NEUTRAL (JABON LIQ )240 ML,18.59,Drosalud
SOMA SOMEDINE JABON 120 ML,33.47,Drosalud
SOMA SOMEDINE SOLUCION 120 ML,28.83,Drosalud
SOMTEX ALCOHOL AL 70 % 240 ML (E.F),26.76,Drosalud
SOMTEX ALCOHOL AL 70 % 650 ML (E.F),37.6,Drosalud
SOMTEX GEL ANTIBACTERIAL 200 ML,22.54,Drosalud
SUERO PARA REHIDRATACION ORAL(1SOBRE),20.73,Drosalud
SULFADIAZINA DE PLATA 1%CRM X30 GR,29.86,Drosalud
SULFATIAZOL UNGUENTO 20GR,21.68,Drosalud
SULFATO DE MAGNESIO 25%/5ML (I.M/I.V)AMP,16.52,Drosalud
SULFATO DE ZINC 20MG BLIST X 10 TAB,3.78,Drosalud
SULFATO FERROSO (FERRONIL) 40MG X 50 TAB,18.41,Drosalud
SULFATO FERROSO 300MG X 10 TAB BLISTER,2.49,Drosalud
SULFERMAX(SULFATO FERROSO) X 40 COMP,11.19,Drosalud
SULTAMICILINA 750MG BLIST X 10 TAB,86.37,Drosalud
SUPLEMENT VIT CABELLOS Y UÑAS VIT-MX30CP,25.73,Drosalud
SUPLEMENT VITAM P/CABELLO Y UÑAS X60 CAP,39.15,Drosalud
SUPLEMENTO ALIM+IMUNIDADE X 60 CAPSULAS,20.13,Drosalud
SUPRAMAX VITAMINA A-Z X 60 COMP.(ADULTO),27.97,Drosalud
TADAFOX 20MG X 1 TAB,6.8,Drosalud
TADAFOX 5MG X 30 TAB,35.97,Drosalud
TADALAFIL 20MG BLIST X 4 TAB,5.59,Drosalud
TADALAFIL 20MG BLISTER X 4 TAB,4.38,Drosalud
TADALAFIL 5MG BLIST X 12 TAB,11.79,Drosalud
TADALAFILA 20MG X 2 COMP,7.83,Drosalud
TALCO BABY 50GR,31.06,Drosalud
TALCO BORICADO 50GR,27.27,Drosalud
TAMOA 250MG COMP MASTICABLES X6,27.28,Drosalud
TAMOXIFEN 20MG BLISTER X 10 TAB,30.11,Drosalud
TAMSULOSINA 0.4MG BLISTER X 10 CAPSILAS,6.8,Drosalud
TAMSULOSINA 0.4MG CAPSULAS X 30,47.67,Drosalud
TAMSULOSINA CLORH 0.4MG BLIST X 10 TAB,6.71,Drosalud
TE VERDE 500MG X 60 CAP,46.53,Drosalud
TENSALIV BENSILATO DE AMLODIPINA 5MG X30,7.65,Drosalud
TEST DE EMBARAZO CONFIRAX1TEST,4.48,Drosalud
TETEROS 3 OZ BAMBINO REF BBID-10,23.49,Drosalud
TETEROS 3 OZ BAMBINO REF BBID-11,24.35,Drosalud
TETEROS 3 OZ BAMBINO REF BBID-159,24.35,Drosalud
TETEROS 4 OZ BAMBINO REF BBID-1,36.05,Drosalud
TETEROS 4 OZ BAMBINO REF BBID-20,27.62,Drosalud
TETEROS 4 OZ BAMBINO REF BBID-27,35.02,Drosalud
TETEROS 4 OZ BAMBINO REF BBID-38,32.0,Drosalud
TEUTOVIT E 400MG X 30 CAP,26.67,Drosalud
TINIDAZOL 500MG X 4 TAB (BLISTER),3.27,Drosalud
TINTURA DE ARNICA 30ML,18.24,Drosalud
TINTURA DE VALERIANA 30ML,19.62,Drosalud
TIOCHAS 4MG X 12 COMP,22.3,Drosalud
TIOCOLCHICOSIDO 4MG BLIST X 10 TAB,19.19,Drosalud
TIOCOLCHICOSIDO4MG/2ML/ IM AMP X 50,47.67,Drosalud
TIOFEN 600MG-4MG BLIST X 10 COMP,18.44,Drosalud
TOBRAMICINA 0.3% SOL.OFTAL 5ML,17.89,Drosalud
TONUM 10MG TABLETAS X 30,21.35,Drosalud
TRACEVAL 500MG-50MG X 20 TAB,83.8,Drosalud
TRACTIL 4MG X 12 TAB,24.2,Drosalud
TRIMETOPRIM+SULFAMETOXAZOL 160/800MG TAB,10.41,Drosalud
UNICOMICINA (VANCOMICINA) 1G I.V AMP,50.24,Drosalud
UNIXONA (CEFTRIAXONA) 1G I.V AMP,7.83,Drosalud
VALCOPLUS (ACID VALPROICO) 500MG X 10TAB,21.25,Drosalud
VALERIANA 100MG X 30 TABLETAS,56.36,Drosalud
VALPIZOP (ZOLPIDEM) 10 MG X 20 TAB,34.07,Drosalud
VALSANTAN 160MG - HCT 12.5MG X 14 TAB,55.84,Drosalud
VALSARTAN 160MG X 10 TAB,18.32,Drosalud
VALSARTAN 160MG X 10 TAB,20.05,Drosalud
VALSARTAN 80MG - HCT 12.5MG X 14 TAB,31.06,Drosalud
VALSARTAN 80MG BLISTER X 10 TAB,13.25,Drosalud
VANCOMICINA 500MG AMPOLLA I.V,20.91,Drosalud
VAPOR RUP 10GR,13.08,Drosalud
VAPOR RUP 25GR,16.09,Drosalud
VAPOR RUP 25GR (ROLL ON),19.1,Drosalud
VAPOR RUP 50GR,31.49,Drosalud
VAPORUB 12G,12.39,Drosalud
VASELINA 10GR,17.13,Drosalud
VASELINA 30GR,19.62,Drosalud
VASELINA 50GR,23.75,Drosalud
VENACARE 460MG X 60 CAPS,55.8,Drosalud
VENDA ELASTICA 5CM,2.84,Drosalud
VESTAX (ACETAMINOFEN) 650MG X 10 TAB,7.6,Drosalud
VIOLETA DE GENCIANA 30ML,14.29,Drosalud
VIT COMPLEJO B X 10 TAB BLISTER,3.62,Drosalud
VITA COMPLEJO B AMP IM/IV 10ML,10.32,Drosalud
VITA MUNE A-Z MUJER X 60 COMP,31.32,Drosalud
VITA MUNE CALCIO + VIT D3 600MG X 60COMP,27.97,Drosalud
VITA MUNE KIDS - SUPLEMENTO 240 ML,27.97,Drosalud
VITA MUNE OMEGA 3 X 60 CAPS,46.89,Drosalud
VITAM E CON SELENIO 30 TAB,50.9,Drosalud
VITAMINA B COMPLEJO JBE 100 ML,14.71,Drosalud
VITAMINA C 500 MG/5ML AMP IV/IM,5.42,Drosalud
VITAMINA C 500MG/5ML (I.M/I.V) AMP,5.16,Drosalud
VITAMINA C 500MG/5ML (I.M/I.V) AMP,5.59,Drosalud
VITAMINA C MASTICABLE 500MG X 10 TAB MAS,11.19,Drosalud
VITAMINA COMPLEJO B BLIST X 10 TAB,4.38,Drosalud
VITAMINA COMPLEJO B JARABE 100ML,17.81,Drosalud
VITAMINA COMPLEJO B JBE 200ML,13.43,Drosalud
VITAMINA E 1000 UI BLIST X 10 CAPS,23.06,Drosalud
VITAMINA E X 30 CAPSULAS BLANDAS,33.64,Drosalud
VITAMINA K 10MG (I.M/I.V) AMP,6.62,Drosalud
VITAMINA K 10MG/1ML (I.M) AMP,6.37,Drosalud
VITISIVAL (COMPLEJO B) X 240 ML,61.61,Drosalud
VITREXON 50MG/5ML JBEX120ML,28.34,Drosalud
XANEXTRA 500MG/5ML AMP X 1 IV TRANEXAMI,12.99,Drosalud
YONAL 15MG/5ML JARABE X 120ML,23.72,Drosalud
YONALAT 15MG-3MG / 5ML JBE X 120ML,27.28,Drosalud
ZITRAP 100MG X 16 TABLETAS,43.02,Drosalud
,,Drosalud
