NOMBRE,Precio Mayoreo,Proveedor
ABRETIA 10 MG X 10 TAB (MEGALABS)       ,105.76,Gracitana Medicinas
ABRETIA 18 MG X 10 CAP (MEGALABS)       ,128.62,Gracitana Medicinas
ACETAFEN FORTE SUSP X 120 ML (BIOFARCO) ,18.87,Gracitana Medicinas
ACETAM-CAFEINA-CLORF 500 MG X 6 TAB (SPE,11.66,Gracitana Medicinas
ACETAMINOFEN 1000MG X 10 COMP (SPEFAR)  ,21.24,Gracitana Medicinas
ACETAMINOFEN 120 MG X 100 ML (BIOQUIMICA,14.33,Gracitana Medicinas
ACETAMINOFEN 150 MG X 120 ML  (LA SANTE),22.28,Gracitana Medicinas
ACETAMINOFEN 150 MG X 90 ML (LAPROFF)   ,20.27,Gracitana Medicinas
ACETAMINOFEN 180 MG X 120 ML (BIOQUIMICA,19.8,Gracitana Medicinas
ACETAMINOFEN 180MG/5ML X 120ML (ALESS)  ,28.22,Gracitana Medicinas
ACETAMINOFEN 500 MG X 100 TAB  (LATTAN) ,45.36,Gracitana Medicinas
ACETAMINOFEN 500 MG X 100 TAB (LA SANTE),64.68,Gracitana Medicinas
ACETAMINOFEN 500 MG X 12 TAB (BIOQUIMICA,7.67,Gracitana Medicinas
ACETAMINOFEN 500 MG X 20 TAB (ALESS)    ,12.09,Gracitana Medicinas
ACETAMINOFEN 500 MG X 20 TAB (LA SANTE) ,14.4,Gracitana Medicinas
ACETAMINOFEN 500 MG X 24 TAB (BIOQUIMICA,13.02,Gracitana Medicinas
ACETAMINOFEN 500 MG X 300 TAB (LAPROFF) ,134.15,Gracitana Medicinas
ACETAMINOFEN 650 MG X 10 COMP (SPEFAR)  ,19.52,Gracitana Medicinas
ACETAMINOFEN 650 MG X 10 TA (BIOQUIMICA),7.47,Gracitana Medicinas
ACETAMINOFEN 650 MG X 10 TAB (LA SANTE) ,9.12,Gracitana Medicinas
ACETAMINOFEN 650 MG X 10 TAB (PLUSANDEX),6.29,Gracitana Medicinas
ACETAMINOFEN 650 MG X 20 TAB (BIOQUIMICA,13.89,Gracitana Medicinas
ACETAMINOFEN 650MG X 10TAB (KIMICEG)    ,11.46,Gracitana Medicinas
ACETAMINOFEN-CLORF 125 MG X 120 ML (BIOQ,18.87,Gracitana Medicinas
ACEVAL 100 MG X 30 ML GTA (VALMORCA)    ,27.42,Gracitana Medicinas
ACEVAL 650 MG X 10 TAB (VALMORCA)       ,12.5,Gracitana Medicinas
ACEVAL 650 MG X 50 TAB (VALMORCA)       ,52.6,Gracitana Medicinas
ACICLOVIR 200 MG X 10 TAB (LATTAN)      ,12.56,Gracitana Medicinas
ACICLOVIR 200 MG X 10 TAB (POLINAC)     ,13.26,Gracitana Medicinas
ACICLOVIR 200 MG X 24 TAB (LA SANTE)    ,32.21,Gracitana Medicinas
ACICLOVIR 200 MG X 240 TAB (LAPROFF)    ,395.56,Gracitana Medicinas
ACICLOVIR 200 MG X 25 TAB (CALOX)       ,34.67,Gracitana Medicinas
ACICLOVIR 200 MG X 25 TAB (POLINAC)     ,22.89,Gracitana Medicinas
ACICLOVIR 800 MG X 10 TAB (LAPROFF)     ,54.5,Gracitana Medicinas
ACIDO BORICO CAP VAGINALES X 10 (BIOFARC,18.87,Gracitana Medicinas
ACIDO FOLICO 1 MG X 400 TAB (LAPROFF)   ,166.23,Gracitana Medicinas
ACIDO FOLICO 10 MG X 10 TAB (MEYER)     ,9.19,Gracitana Medicinas
ACIDO FOLICO 10 MG X 20 COMP (G.C)      ,20.63,Gracitana Medicinas
ACIDO FOLICO 10 MG X 20 TAB (PLUSANDEX) ,7.73,Gracitana Medicinas
ACIDO FOLICO 10 MG X 30 COMP (KLINOS)   ,22.5,Gracitana Medicinas
ACIDO FOLICO 10 MG X 30 COMP (VALMORCA) ,19.47,Gracitana Medicinas
ACIDO FOLICO 10 MG X 30 TAB (PLUSANDEX) ,11.47,Gracitana Medicinas
ACIDO FOLICO 10MG X 20 COMP (CALOX)     ,13.17,Gracitana Medicinas
ACIDO FOLICO 10MG X 20 COMP (KLINOS)    ,18.56,Gracitana Medicinas
ACIDO FOLICO 10MG X 20 TAB. (MEYER)     ,17.58,Gracitana Medicinas
ACIDO FOLICO 10MG X 30 TAB (MEYER)      ,20.08,Gracitana Medicinas
ACIDO FOLICO 10MG/15ML GOT  (KLINOS)    ,42.91,Gracitana Medicinas
ACIDO FOLICO 10MG/1ML X 3AMP (KLINOS)   ,59.52,Gracitana Medicinas
ACIDO FOLICO 5 MG X 10 TAB (MEYER)      ,8.36,Gracitana Medicinas
ACIDO FOLICO 5 MG X 30 TAB (MEYER)      ,20.73,Gracitana Medicinas
ACIDO FOLICO 5 MG X 30 TAB (PLUSANDEX)  ,8.63,Gracitana Medicinas
ACIDO FOLICO 5MG X 20 COMP (KLINOS)     ,10.03,Gracitana Medicinas
ACIDO FOLICO 5MG X 30 COMP (KLINOS)     ,13.22,Gracitana Medicinas
ADELLA (ANTICONCEPTIVA) X 21 TAB (VIVAX),107.07,Gracitana Medicinas
AFOKLIN 10MG GOTAS 15ML (KLINOS)        ,39.69,Gracitana Medicinas
AFOKLIN 10MG X 20 COMP (KLINOS)         ,18.56,Gracitana Medicinas
AKARVIA(FAVIPIRAVIR) 200 MG X 20 TAB (ED,192.93,Gracitana Medicinas
ALBENDAZOL 200 MG X 2 TAB (LA SANTE)    ,10.41,Gracitana Medicinas
ALBENDAZOL 200 MG X 2 TAB (PLUSANDEX)   ,5.72,Gracitana Medicinas
ALBENDAZOL 200 MG X 2 TAB MAST (CALOX)  ,8.67,Gracitana Medicinas
ALBENDAZOL 200 MG X 6 TAB (LA SANTE)    ,25.22,Gracitana Medicinas
ALBENDAZOL 200 MG X 6 TAB (PLUSANDEX)   ,9.85,Gracitana Medicinas
ALBICAR 200 MG X 2 TAB (ELMOR)          ,6.81,Gracitana Medicinas
ALBICAR 200 MG X 6 TAB  (ELMOR)         ,13.22,Gracitana Medicinas
ALERPAT SOL OFT 0.1% X 5 ML (LA SANTE)  ,31.07,Gracitana Medicinas
ALGOREN 40 MG X 20 TAB (RONAVA)         ,29.72,Gracitana Medicinas
ALILUB 1.4% SOL OFT X 15ML (LA SANTE)   ,24.53,Gracitana Medicinas
ALIPAL FORTE DIA-NOCHE 650 MG X 6 CAP   ,20.83,Gracitana Medicinas
ALIVAX FORTE 650 MG X 10 CAP (VIVAX)    ,18.81,Gracitana Medicinas
ALIVAX FORTE 650 MG X 25 BLIS X 5 CAP   ,198.67,Gracitana Medicinas
ALIVERIUM 100-300MG X 10 CAP (VINCENTI) ,44.45,Gracitana Medicinas
ALLERFEX 120MG X X 10TAB (LA SANTE)     ,37.14,Gracitana Medicinas
ALOPURINOL 100 MG X 30 TAB (ANGELUS)    ,21.14,Gracitana Medicinas
ALSART 80 MG X 10 CAP (MEYER)           ,19.14,Gracitana Medicinas
ALURON 100 MG X 30 TAB (RONAVA)         ,35.52,Gracitana Medicinas
AMBROXOL 15 MG X 120 ML (BIOQUIMICA)    ,17.23,Gracitana Medicinas
AMBROXOL 15MG JBE. PED. 120ML (LA SANTE),27.56,Gracitana Medicinas
AMBROXOL 15MG/5ML X 120ML PED (COLMED)  ,34.82,Gracitana Medicinas
AMBROXOL 30 MG X 120 ML (BIOQUIMICA)    ,17.88,Gracitana Medicinas
AMBROXOL 30 MG X 120 ML AD (LA SANTE)   ,32.55,Gracitana Medicinas
AMBROXOL 30MG JBE AD 120ML (COLMED)     ,34.82,Gracitana Medicinas
AMBROXOL CLORH-LORAT 30/5MG/5ML 120ML BI,21.74,Gracitana Medicinas
AMBROXOL CLORH-LORAT 30/5MG/5ML 60ML BIO,15.57,Gracitana Medicinas
AMBROXOL PED 15MG/5ML X 120ML (KIMICEG) ,21.81,Gracitana Medicinas
AMIODARONA 200 MG X 10 TAB (VALMORCA)   ,46.41,Gracitana Medicinas
AMIPINA (AMLODIPINA) 5 X 30 TAB (QUIMFAR,4.65,Gracitana Medicinas
AMLODIPINA 10 MG X 10 TAB (CALOX)       ,11.31,Gracitana Medicinas
AMLODIPINA 10 MG X 10 TAB (LA SANTE)    ,8.54,Gracitana Medicinas
AMLODIPINA 10 MG X 20 COMP (SPEFAR)     ,20.16,Gracitana Medicinas
AMLODIPINA 10 MG X 20 TAB (KIMICEG)     ,17.99,Gracitana Medicinas
AMLODIPINA 10 MG X 30 TAB (ALESS)       ,18.66,Gracitana Medicinas
AMLODIPINA 10 MG X 30 TAB (BUKA)        ,11.44,Gracitana Medicinas
AMLODIPINA 10 MG X 30 TAB (CALOX)       ,22.67,Gracitana Medicinas
AMLODIPINA 10MG X 100TAB (BALAXI)       ,31.96,Gracitana Medicinas
AMLODIPINA 5 MG X 10 TAB (LA SANTE)     ,7.28,Gracitana Medicinas
AMLODIPINA 5 MG X 20 COMP (SPEFAR)      ,19.38,Gracitana Medicinas
AMLODIPINA 5 MG X 30 COMP (LA SANTE)    ,21.53,Gracitana Medicinas
AMLODIPINA 5 MG X 30 TAB (ALESS)        ,17.15,Gracitana Medicinas
AMLODIPINA 5 MG X 300 TAB (LAPROFF)     ,213.89,Gracitana Medicinas
AMLODIPINA 5MG X 30COMP KERN PHARMA     ,17.62,Gracitana Medicinas
AMLODIPINA+VALSARTAN 5/160MG X 30TAB ANG,41.57,Gracitana Medicinas
AMOKLAVIN-BID 1000MG X 14 TAB (POLINAC) ,79.52,Gracitana Medicinas
AMOXICILINA 250MG/5MG X45ML P/S (LISTERF,30.01,Gracitana Medicinas
AMOXICILINA 500 MG X 10 CAP (DAC)       ,15.07,Gracitana Medicinas
AMOXICILINA 500 MG X 6 CAP (LA SANTE)   ,19.73,Gracitana Medicinas
AMOXIVAL 250 MG X 90ML P/SUSP (VALMORCA),47.41,Gracitana Medicinas
AMOXIVAL 500 MG X 12 CAP (VALMORCA)     ,34.2,Gracitana Medicinas
AMOXIVAL 750 MG/5ML X 70ML P/SUSP(VALMOR,76.62,Gracitana Medicinas
AMOXIVAL 875 MG X 20 TAB (VALMORCA)     ,102.88,Gracitana Medicinas
AMOXIVAL A.C 250MG-62.5MG/5ML X 60ML VAL,71.44,Gracitana Medicinas
AMOXIVAL A.C 400MG-57MG/5ML X 60ML VALMO,96.45,Gracitana Medicinas
ANALPER 150MG/5ML JBE 120ML (LA SANTE)  ,25.67,Gracitana Medicinas
ANALPER CAF 500MG-40MG X 10 TAB LA SANTE,18.66,Gracitana Medicinas
ANALPER FEM PLUS 200MG-10MG  LA SANTE   ,34.63,Gracitana Medicinas
ANALPER FORTE 650 MG X 10 TAB (LA SANTE),12.62,Gracitana Medicinas
ANALPER PLUS TAB 500-10MG X 10  LA SANTE,41.12,Gracitana Medicinas
ANAPIR 200 MG X 10 CAP (FCPHARMA)       ,8.17,Gracitana Medicinas
ANAPIR 200 MG X 100 TAB (FCPHARMA)      ,57.65,Gracitana Medicinas
ANAPIR 200 MG X 20 TAB (FCPHARMA)       ,16.85,Gracitana Medicinas
ANAPIR 400 MG X 10 CAP (FC PHARMA)      ,17.7,Gracitana Medicinas
ANAPIR 400 MG X 20 TAB (FCPHARMA)       ,19,Gracitana Medicinas
ANASMOL 2.5 MG X 30 COMP (ROWE)         ,42.33,Gracitana Medicinas
ANASMOL 5 MG X 30 COMP (ROWE)           ,74.04,Gracitana Medicinas
ANDANTOL JALEA X 20 GR (VARGAS)         ,34.89,Gracitana Medicinas
ANGIOVAN 10 MG X 10 COMP (KLINOS)       ,13.96,Gracitana Medicinas
ANGRIP DIA 500 MG X 8 COMP (KLINOS)     ,22.5,Gracitana Medicinas
ANGRIP NOCHE 500 MG X 4 COMP (KLINOS)   ,21.17,Gracitana Medicinas
ANTAAR HCT 2.5-6.25 MG X 10 TAB (CALOX) ,23.09,Gracitana Medicinas
ANTAAR HCT 5-6.25 MG X 10 TAB (CALOX)   ,19.79,Gracitana Medicinas
ANTAAR HCT 5-6.25 MG X 30 TAB (CALOX)   ,49.45,Gracitana Medicinas
ANTAAR(BISOPROLOL) 10 MG X 10 TAB (CALOX,24.71,Gracitana Medicinas
ANTAAR(BISOPROLOL)10 MG X 30 TAB (CALOX),55.89,Gracitana Medicinas
ANTAAR(BISOPROLOL)5 MG X 10 TAB (CALOX) ,18.83,Gracitana Medicinas
ANTIFOM 40MG X 10 COMP (VARGAS)         ,46.04,Gracitana Medicinas
ANTIFOM FORTE 160 MG X 10 COMP (VARGAS) ,55.21,Gracitana Medicinas
ANTILAX 2 MG X 10 TAB (FARMA)           ,19.53,Gracitana Medicinas
APLACAL 750 MG MAST FRAMBUESA (MEYER)   ,22.97,Gracitana Medicinas
APLACAL 750 MG TAB MAST MENTA (MEYER)   ,22.97,Gracitana Medicinas
APLACAL 750 MG X 10 TAB BANANA (MEYER)  ,22.97,Gracitana Medicinas
APLACAL 750 MG X 10 TAB MAST MAND (MEYER,22.97,Gracitana Medicinas
ARANDA 2.5-50 MG X 12 CAP  (FARMA)      ,33.6,Gracitana Medicinas
ARBIXIL 15 MG X 120 ML JAB (MEYER)      ,30.89,Gracitana Medicinas
"ARBIXIL 7,5MG GOTAS 15CC (MEYER)        ",16.08,Gracitana Medicinas
ARCOIRIS AJO 400 MG X 90 CAP            ,48.66,Gracitana Medicinas
ARCOIRIS ALCACHOFA 300 MG X 90 CAP      ,43.83,Gracitana Medicinas
ARCOIRIS BEN PARAISO 300 MG X 90 CAP    ,43.83,Gracitana Medicinas
ARCOIRIS BENPASAN 300 MG X 90 CAP       ,43.83,Gracitana Medicinas
ARCOIRIS CALRESAN 300 MG X 90 CAP       ,43.83,Gracitana Medicinas
ARCOIRIS CASCARA SAGRADA 300 MG X 60 CAP,73.05,Gracitana Medicinas
ARCOIRIS CENTELLA C/ALCACHOFA X 90 CAP  ,73.05,Gracitana Medicinas
ARCOIRIS DIAMET 300 MG X 90 CAP         ,43.83,Gracitana Medicinas
ARCOIRIS ESTIN JARABE X 240 ML          ,50.87,Gracitana Medicinas
ARCOIRIS EUCAMIEL JARABE X 120 ML       ,34.13,Gracitana Medicinas
ARCOIRIS FORTSAN 500 MG X 90 CAP        ,73.05,Gracitana Medicinas
ARCOIRIS FRAILEJON COMPUESTO X 120 ML   ,29.09,Gracitana Medicinas
ARCOIRIS GINKGO BILOBA 300 MG X 60 CAP  ,73.05,Gracitana Medicinas
ARCOIRIS HIPERSAN 300 MG X 90 CAP       ,43.83,Gracitana Medicinas
ARCOIRIS MACA 300 MG X 60 CAP           ,73.05,Gracitana Medicinas
ARCOIRIS MAPURITE 300 MG X 90 CAP       ,43.83,Gracitana Medicinas
ARCOIRIS MORINGA 300 MG X 90 CAP        ,43.83,Gracitana Medicinas
ARCOIRIS PALO DE ARCO 360 MG X 90 CAP   ,43.83,Gracitana Medicinas
ARCOIRIS PIÑA-GRAPEFRUIT CASCARA SAGRADA,73.05,Gracitana Medicinas
ARCOIRIS RABANO YODADO JARABE X 120 ML  ,39.59,Gracitana Medicinas
ARCOIRIS UÑA DE GATO 400 MG X 60 CAPS   ,73.05,Gracitana Medicinas
ARCOIRIS URISAN 300 MG X 90 CAP         ,43.83,Gracitana Medicinas
ARCOIRIS ZANAES 400 MG X 90 CAP         ,47.15,Gracitana Medicinas
ARCOIRIS ZANAES X 240 ML JAB            ,47.15,Gracitana Medicinas
ARCOIRIS ZARZAPARRILLA JARABE X 120 ML  ,29.09,Gracitana Medicinas
ARCOVAL 90MG X 7 TAB (VALMORCA)         ,34.3,Gracitana Medicinas
ARTENOLOL 100 X 30 TAB (RONAVA)         ,25.03,Gracitana Medicinas
ARUDIL 20 MG X 10 TAB (FARMA)           ,87.02,Gracitana Medicinas
ARUDIL 20 MG X 30 TAB (FARMA)           ,243.8,Gracitana Medicinas
ASAPUNI 81 MG X 100 TAB (UNIPHARMA)     ,36.91,Gracitana Medicinas
ASCAFYL-SC 0.4 MG-80 MG GTA X 15 ML     ,14.9,Gracitana Medicinas
ASTEFOR (LEVOFLOX) 500 MG X 10 (KLINOS) ,47.64,Gracitana Medicinas
ATAPEC (QUETIAPINA) 100MG X 30TAB FCPHAR,82.62,Gracitana Medicinas
ATENOLOL 100 MG X 30 TAB (LA SANTE)     ,31.85,Gracitana Medicinas
ATENOLOL 50 MG X 30 TAB (BUKA)          ,11.44,Gracitana Medicinas
ATENOLOL 50 MG X 30 TAB (KIMICEG)       ,22.67,Gracitana Medicinas
ATENOLOL 50 MG X 30 TAB (LA SANTE)      ,29.3,Gracitana Medicinas
ATODIP 5 MG/20 MG X 30 TAB VALMORCA     ,39.98,Gracitana Medicinas
ATORVASTATINA 20 MG X 28 TAB (KERN PHARM,22.53,Gracitana Medicinas
ATORVASTATINA 20 MG X 30 TAB (ALESS)    ,33.44,Gracitana Medicinas
ATORVASTATINA 20 MG X 30 TAB (BUKA)     ,24.02,Gracitana Medicinas
ATORVASTATINA 20 MG X 30 TAB (LA SANTE) ,39.58,Gracitana Medicinas
ATORVASTATINA 20MG X 20 TAB (VALMORCA)  ,35.98,Gracitana Medicinas
ATORVASTATINA 40 MG X 30 TAB (ALESS)    ,43.12,Gracitana Medicinas
ATORVASTATINA 40 MG X 30 TAB (BUKA)     ,31.99,Gracitana Medicinas
ATORVASTATINA 40 MG X 30 TAB (DAC)      ,30.13,Gracitana Medicinas
ATORVASTATINA 40MG X 14 TAB LA SANTE    ,45.57,Gracitana Medicinas
ATORVASTATINA 40MG X 20 COMP (SPEFAR)   ,23.75,Gracitana Medicinas
ATORVASTATINA 40MG X 20 TAB (VALMORCA)  ,58.98,Gracitana Medicinas
ATOVAROL 20 MG DUO X 30+14 CAPS LAB VIVA,65.33,Gracitana Medicinas
ATOVAROL 40 MG X 14 CAPS (VIVAX)        ,54.98,Gracitana Medicinas
ATROBEL GOTAS 10 MG X 15 ML             ,27.54,Gracitana Medicinas
ATROVERAN 10MG X 10 TAB (VARGAS)        ,50.41,Gracitana Medicinas
ATROVERAN 10MG/ML SOL GOTAS X 15ML (VARG,50.68,Gracitana Medicinas
AZIMAKROL 1000 MG X 2 COMP (KLINOS)     ,62.86,Gracitana Medicinas
AZITHRONAK 200MG/5ML X 30ML SUSP (UNIPHA,32.45,Gracitana Medicinas
AZITROMICINA 500 MG X 3 TAB (CALOX)     ,17.62,Gracitana Medicinas
AZITROMICINA 500 MG X 5 TAB (ALESS)     ,26.54,Gracitana Medicinas
AZITROMICINA 500 MG X 5 TAB (LAB BUKA)  ,20.57,Gracitana Medicinas
AZITROMICINA 500 MG X 5 TAB (VALMORCA)  ,34.29,Gracitana Medicinas
AZITROMICINA 500 X 3 TAB (DAC55)        ,16,Gracitana Medicinas
AZITROMICINA 500MG X 3TAB (FARMAMED)    ,15.62,Gracitana Medicinas
AZUTAN 0.15 % COLUTORIO X 180 ML (BIOTEC,28.97,Gracitana Medicinas
BACITRACINA UNG 500 UI X 15 GR (KIMICEG),21.46,Gracitana Medicinas
BACITRACINA UNG 500 UI X 15 GR (KLINOS) ,26.47,Gracitana Medicinas
BACITRACINA UNG 500 UI X 20 GR (DAC 55) ,17.61,Gracitana Medicinas
BACTEVAL X 24 CAP (VALMORCA)            ,55.41,Gracitana Medicinas
BACTRON 40MG-200MG/5ML SUSP 100ML       ,24.47,Gracitana Medicinas
BACTRON FORTE 160 MG X 10 TAB (RONAVA)  ,36.27,Gracitana Medicinas
BACTRON X 20 TAB (RONAVA)               ,30.06,Gracitana Medicinas
BALSADER POMADA X 30 GR (KIMICEG)       ,13.97,Gracitana Medicinas
BARGONIL UNGUENTO X 10 GRS (KLINOS)     ,79.38,Gracitana Medicinas
BARGONIL UNGUENTO X 30 GR (KLINOS)      ,124.35,Gracitana Medicinas
BECLO-ASMA AEROSOL 50MCG X 200 DOSIS POL,41.14,Gracitana Medicinas
BEDOYECTA INY X 1 JER (FARMA)           ,60.14,Gracitana Medicinas
BELOC 100 MG X 10 TAB (MEYER)           ,20.07,Gracitana Medicinas
BENDAMEN 100 MG X 6 TAB (MEYER)         ,15.31,Gracitana Medicinas
BENFLUX  (AMBROXOL) JBE 120ML (POLINAC) ,19.72,Gracitana Medicinas
BENFLUX(AMBROXOL) X 20 TAB. (POLINAC)   ,32.29,Gracitana Medicinas
BENZODIAZOL LIMON X 16 TAB MAST         ,20.9,Gracitana Medicinas
BENZODIAZOL LIMON/MIEL X 16 PAST (MEYER),20.9,Gracitana Medicinas
BENZODIAZOL NARANJA X 16 PAST (MEYER)   ,20.9,Gracitana Medicinas
BENZODIAZOL TUTTI FRUTI X 16 PAST (MEYER,20.9,Gracitana Medicinas
BENZODIAZOL TUTTI FRUTTI DISP 40X4      ,123.24,Gracitana Medicinas
BETADERM C/GENTAMICINA 0.1% CREMA       ,24.77,Gracitana Medicinas
BETADEX 0.1 % X 15 GR (LIALI)           ,17.29,Gracitana Medicinas
BETADEX G CREMA X 15 GR (LIALI)         ,18.99,Gracitana Medicinas
BETADUO X 1 AMP. I.M. 1ML HYPACK (VIVAX),106.26,Gracitana Medicinas
BETAHISTINA 16 MG X 20 TAB (LA SANTE)   ,55.8,Gracitana Medicinas
BETAHISTINA 16 MG X 30 COMP (NORMON)    ,55.31,Gracitana Medicinas
BETAHISTINA 8 MG X 60 COMP (NORMON)     ,73.24,Gracitana Medicinas
BETARRETIN 0.025% CREMA X 30 GR (KLINOS),67.47,Gracitana Medicinas
BETARRETIN 0.025% GEL X 30 GR (KLINOS)  ,76.85,Gracitana Medicinas
BETARRETIN 0.05% CREMA X 30 GR (KLINOS  ,79.38,Gracitana Medicinas
BETARRETIN 0.05% LOCION X 60ML (KLINOS) ,111.85,Gracitana Medicinas
BICOL 160/12.5MG X 14 COMP (MEYER)      ,47.11,Gracitana Medicinas
BIOCOR HCT 20- 12.5 MG X 30 TAB (CALOX) ,71.18,Gracitana Medicinas
BIOCOR HCT 40-12.5 MG X 10 TAB (CALOX)  ,35.59,Gracitana Medicinas
BIPRIN 300 MG X 10 CAP (VIVAX)          ,29.98,Gracitana Medicinas
BIPROLIL 5 MG X 15 COMP (VARGAS)        ,34.25,Gracitana Medicinas
BISOPROLOL 10 MG X 30 TAB (FARMAMED)    ,16.26,Gracitana Medicinas
BISOPROLOL 10 MG X 60 TAB (KERN PHARMA) ,60.7,Gracitana Medicinas
BISOPROLOL 10MG X 30TAB (ANGELUS)       ,34.88,Gracitana Medicinas
BISOPROLOL 2.5 MG X 30 TAB (ALESS)      ,35.64,Gracitana Medicinas
BISOPROLOL 2.5 MG X 30 TAB (LATTAN)     ,22.68,Gracitana Medicinas
BISOPROLOL 5 MG X 30 TAB (ALESS)        ,48.73,Gracitana Medicinas
BISOPROLOL 5 MG X 30 TAB (LATTAN)       ,28.34,Gracitana Medicinas
BISOPROLOL 5 MG X 60 TAB (KERN PHARMA)  ,62.98,Gracitana Medicinas
BISOPROLOL+HIDROCL 5-6.25MG X 15TAB (ALE,30.82,Gracitana Medicinas
BISOPROLOL+HIDROCL10-6.25MGX 20COMP(SPEF,21.64,Gracitana Medicinas
BISOPROLOL+HIDROCL2-6.25MG X 15TAB (ALES,24.67,Gracitana Medicinas
BISOPROLOL+HIDROCL5-6.25MGX 20COMP(SPEF ,19.26,Gracitana Medicinas
"BISOPRUNI 2,5 MG X 30 TAB (UNIPHARMA)   ",17.15,Gracitana Medicinas
BISOPRUNI 5 MG X 30 TAB (UNIPHARMA)     ,25.15,Gracitana Medicinas
BLOCAX 16 MG X 30 TAB (BIOTECH)         ,55.56,Gracitana Medicinas
BLOCAX 8 MG X 30 TAB (BIOTECH)          ,38.88,Gracitana Medicinas
BLOKXA 10 MG X 14 TAB (CALOX)           ,61.68,Gracitana Medicinas
BLOKXA 20 MG X 14 TAB (CALOX)           ,100.21,Gracitana Medicinas
BOSKA (ACET+CAFEINA) 500/30MG X 100 TAB ,44.57,Gracitana Medicinas
BRAL 500 MG X 20 TAB (BIOTECH)          ,34.53,Gracitana Medicinas
BRIMOPRESS 0.2% SOL. X 5 ML             ,100.62,Gracitana Medicinas
BROLAT TOS CON FLEMA 5MG/30MG SOL ORAL  ,32.71,Gracitana Medicinas
BROMECOR 4 MG X 120 ML (BIOQUIMICA)     ,10.88,Gracitana Medicinas
BROMEXINA 4 MG X 120 ML (BIOQUIMICA)    ,14.04,Gracitana Medicinas
BROMHEXINA 8MG/5ML X 120ML (BIOQUIMICA) ,14.46,Gracitana Medicinas
BROXOL 150MG/15ML JBE AD 120ML LA SA    ,40.21,Gracitana Medicinas
BROXOL 50 MG/5 ML X 120 ML PED (LA SANTE,35.11,Gracitana Medicinas
BROXOL ALERG SOL ORAL X 100ML (LA SANTE),44.87,Gracitana Medicinas
BROXOL FLEM 100MG/ JBE PED X 120 LA SANT,40.56,Gracitana Medicinas
BROXOL FLEM 750MG JBE AD 120ML LA SANTE ,51.84,Gracitana Medicinas
BROXOL FLEM GOTAS X 30ML LA SANTE       ,31.36,Gracitana Medicinas
BRUDOL 200 MG-65 MG X 20 COMP (ELMOR)   ,21.01,Gracitana Medicinas
BRUDOL 400 MG-65 MG X 20 TAB (ELMOR)    ,27.79,Gracitana Medicinas
BRUGESIC 200 MG X 10 COMP (ELMOR)       ,9.82,Gracitana Medicinas
BRUGESIC 400 MG X 10 COMP (ELMOR)       ,12.95,Gracitana Medicinas
BRUGESIC 600 MG X 10 COMP (ELMOR)       ,20.01,Gracitana Medicinas
BRUGESIC FORTE 200MG/5ML SUSP. 60ML     ,17.89,Gracitana Medicinas
BRUGESINA 300MG / 10MG X 10 COMP (ELMOR),25.13,Gracitana Medicinas
BUCLEN 5MG/5ML JBE PED 80ML (MEYER)     ,26.06,Gracitana Medicinas
BUCOXOLGAR 0.15% MIEL LIMON SOL         ,24.82,Gracitana Medicinas
BUCOXOLGAR 3 MG - 1 MG MENTA MAST       ,22.56,Gracitana Medicinas
BUCOXOLGAR 3 MG - 1 MG MIEL/ LIMON MAST ,22.56,Gracitana Medicinas
BUCOXOLGAR 3-1 MG FRUTOS ROJOS MAST     ,22.56,Gracitana Medicinas
BUCOXOLGAR FRUT. ROJOS SOL TOP LA SANTE ,18.25,Gracitana Medicinas
BUCOXOLGAR MENTA SOL TOP LA SANTE       ,24.82,Gracitana Medicinas
BUMELEX 1 MG X 16 COMP (ROWE)           ,47.64,Gracitana Medicinas
BUMETIN RETARD 300MG TAB 20 LA SANTE    ,65.93,Gracitana Medicinas
BUTILAMINA COMP 10-250 MG X 20 TAB (PLUS,29.71,Gracitana Medicinas
BUTROPINA GOTAS 5 MG X 20 ML (VINCENTI) ,53.63,Gracitana Medicinas
CALMOX 15 MG X 10 TAB (MEYER)           ,19.5,Gracitana Medicinas
CANDER 16 MG X 30 TAB (VALMORCA)        ,77.15,Gracitana Medicinas
CANDER 8 MG X 30 TAB (VALMORCA)         ,53.13,Gracitana Medicinas
CANDER HCT 16MG-12.5MG X 30 TAB (VALMORC,85.19,Gracitana Medicinas
CANDER HCT 8 MG/12.5 MG X 30 TAB VALMORC,59.45,Gracitana Medicinas
CANDESARTAN 16 MG X 10 TAB (LA SANTE)   ,25.26,Gracitana Medicinas
CANDESARTAN 16 MG X 30 TAB (LA SANTE)   ,68.11,Gracitana Medicinas
CANDESARTAN 8 MG X 10 TAB (LA SANTE)    ,15.86,Gracitana Medicinas
CANDESARTAN 8 MG X 30 TAB (LA SANTE)    ,42.68,Gracitana Medicinas
CANDESARTAN CILEXE 8MG X 30 COMP (SPEFAR,24.93,Gracitana Medicinas
CAPTOPRIL 25 MG X 20 TAB (KIMICEG)      ,19.62,Gracitana Medicinas
CAPTOPRIL 50 MG X 10 TAB (CALOX)        ,11.55,Gracitana Medicinas
CAPTOPRIL 50 MG X 30 TAB (CALOX)        ,28.91,Gracitana Medicinas
CARBAMAZEPINA 200 MG X 20 TAB (VALMORCA),30.9,Gracitana Medicinas
CARBAMAZEPINA 200 MG X 20TAB (FARMAMED) ,18.59,Gracitana Medicinas
CARBAMAZEPINA 200 MG X 300 TAB (LAPROFF),792.68,Gracitana Medicinas
CARBAMAZEPINA 200 X 20 TAB (DAC55)      ,19.91,Gracitana Medicinas
CARBAMAZEPINA 200MG X 30TAB (ALESS)     ,36.31,Gracitana Medicinas
CARBATIL 12.5 MG X 30 TAB (BIOTECH)     ,36.67,Gracitana Medicinas
CARBONATO DE LITIO 300 MG X 20 CAP (FARM,15.1,Gracitana Medicinas
CARBONATO DE LITIO 300MG X 20 CAP       ,41.4,Gracitana Medicinas
CARDIPIRINA CAP 80 MG X 30 CAP (ZUOZ)   ,38.78,Gracitana Medicinas
CARPIN (CARBAM) 200 MG X 20 TAB (POLINAC,16.69,Gracitana Medicinas
CARVEDILOL 12.5 MG X 10 COMP (SPEFAR)   ,18.91,Gracitana Medicinas
CARVEDILOL 12.5 MG X 14 TAB (CALOX)     ,20.77,Gracitana Medicinas
CARVEDILOL 12.5 MG X 20 TAB (KIMICEG)   ,26.35,Gracitana Medicinas
CARVEDILOL 12.5 MG X 30 TAB (ALESS)     ,45.17,Gracitana Medicinas
CARVEDILOL 12.5 MG X 30 TAB (LA SANTE)  ,36.24,Gracitana Medicinas
CARVEDILOL 12.5MG X 30 TAB (BUKA)       ,22.86,Gracitana Medicinas
CARVEDILOL 25 MG X 14 TAB (CALOX)       ,33.98,Gracitana Medicinas
CARVEDILOL 25 MG X 20 TAB (KIMICEG)     ,36.16,Gracitana Medicinas
CARVEDILOL 6.25 MG X 14 TAB (CALOX)     ,18.88,Gracitana Medicinas
CARVEDILOL 6.25 MG X 20 TAB (KIMICEG)   ,21.56,Gracitana Medicinas
CARVEDILOL 6.25 MG X 30 TAB (ALESS)     ,35.21,Gracitana Medicinas
CARVEDILOL 6.25 MG X 30 TAB (LA SANTE)  ,29.33,Gracitana Medicinas
CARVIX X 30 CAPS (VIVAX)                ,35.06,Gracitana Medicinas
CEFADROXILO 250MG/5ML 60ML PEDI (LA SANT,49.02,Gracitana Medicinas
CEFADROXILO 500 MG X 10 TAB (DAC55)     ,23.81,Gracitana Medicinas
CEFIXIMA 400 MG X 10 TAB (DAC55)        ,43.9,Gracitana Medicinas
CELISTIA (CEFIXIMA) 400 MG X 5 TAB (FCPH,95.53,Gracitana Medicinas
CERAGESTREL 75 MG X 28 TAB (UNIPHARMA)  ,22.86,Gracitana Medicinas
CETIRIVAX 10MG X 10 CAPS. (VIVAX)       ,15.19,Gracitana Medicinas
CETIRIZINA 10 MG X 10 TAB (BUKA)        ,6.84,Gracitana Medicinas
CETIRIZINA 10 MG X 10 TAB (DAC 55)      ,5.53,Gracitana Medicinas
CETIRIZINA 10 MG X 10 TAB (LA SANTE)    ,14.06,Gracitana Medicinas
CETIRIZINA 10 MG X 100 TAB (EDS-BALAXI) ,44.57,Gracitana Medicinas
CETIRIZINA 10 MG X 400 TAB (LAPROFF)    ,227.65,Gracitana Medicinas
CETIRIZINA 10MG X 10 COMP (SPEFAR)      ,15.43,Gracitana Medicinas
CETIRIZINA 10MG X 10TAB (FARMAMED)      ,4.66,Gracitana Medicinas
CETIRIZINA 5MG/5ML JBE. 60ML (LA SANTE) ,17.61,Gracitana Medicinas
CETRAL 10 MG X 10 ML GOTAS (MEYER)      ,15.22,Gracitana Medicinas
CETRAL 10 MG X 10 TAB (MEYER)           ,14.9,Gracitana Medicinas
CEUMID 1000 MG X 30 COMP (MEGALABS)     ,211.49,Gracitana Medicinas
CEVAX ZINC 500 MG X 15 CAP (VIVAX)      ,34.47,Gracitana Medicinas
CICLOKAN 500 MG X 21 COMP REC (KLINOS)  ,119.08,Gracitana Medicinas
CIFLOX 500 MG X 14 COMP LAB MEGALABS    ,37.04,Gracitana Medicinas
CIFLOX 750 MG X 7 COMP LAB MEGALABS     ,34.4,Gracitana Medicinas
CINAREN 25 MG X 50 COMP (DOLLDER)       ,41.59,Gracitana Medicinas
CINAREN 75 MG X 20 CAP (DOLLDER)        ,37.55,Gracitana Medicinas
CIPROFLOX 500 MG X 12 TAB (ELMOR)       ,27.57,Gracitana Medicinas
CIPROFLOXACINA 500 MG X 10 TAB (DAC55)  ,15.07,Gracitana Medicinas
CIPROFLOXACINA 500 MG X 14 TAB (CALOX)  ,38.86,Gracitana Medicinas
CIPROFLOXACINA 500 MG X 6 COMP G.C      ,17.77,Gracitana Medicinas
CIPROFLOXACINA 500 MG X 6 COMP LA SANTE ,17.24,Gracitana Medicinas
CIPROFLOXACINA 500 MG X 6 TAB (BUKA)    ,10.29,Gracitana Medicinas
CIPROFLOXACINA 500 X 12 TAB (GENCER)    ,31.79,Gracitana Medicinas
CIPROFLOXACINA 500MG X 100TAB HB BIOSCIE,115.18,Gracitana Medicinas
CIPRUNI 500 MG X 10 TAB (UNIPHARMA)     ,21.73,Gracitana Medicinas
CIRGREL (CLOPIDOGREL) 75 MG X 30 TAB    ,65.86,Gracitana Medicinas
CITICOLINA 500 MG X 30 TAB (CALOX)      ,304.5,Gracitana Medicinas
CITRATO DE CALCIO CON VIT D3 X 30TAB    ,55.55,Gracitana Medicinas
CITRATO DE POTASIO JBE 10% X 1000ML RECE,142.25,Gracitana Medicinas
CITRATO DE POTASIO X 1000 ML BIOFARCO   ,68.01,Gracitana Medicinas
CITRATO DE POTASIO X 500 ML BIOFARCO    ,49.18,Gracitana Medicinas
CLENBUNAL 0.020 MG X 10 COMP KLINOS     ,25.13,Gracitana Medicinas
CLENBUNAL 0.020 MG X 20 COMP KLINOS     ,33.54,Gracitana Medicinas
CLENBUNAL GOTAS 15 CC. LAB KLINOS       ,36.3,Gracitana Medicinas
CLENBUNAL JBE. AD. 120 CC LAB KLINOS    ,39.12,Gracitana Medicinas
CLENBUNAL JBE. PED. 120 CC. LAB KLINOS  ,31.75,Gracitana Medicinas
CLENBUTEROL 0.005MG/5ML 120ML (BIOQUIMIC,19.15,Gracitana Medicinas
CLENBUXOL GOTAS X 20 ML. PED. LAB KLINOS,32.16,Gracitana Medicinas
CLENBUXOL JBE. AD. 120ML LAB KLINOS     ,41.02,Gracitana Medicinas
CLENBUXOL JBE. PED. 120CC. LAB KLINOS   ,41.02,Gracitana Medicinas
CLINDAMICINA 300 MG X 16 CAP (LA SANTE) ,65.38,Gracitana Medicinas
CLODOXIN 10 MG X 20 COMP (PLUSANDEX)    ,11.61,Gracitana Medicinas
"CLOFEN 1,8 MG/ML X 120ML (DOLLDER)      ",28.86,Gracitana Medicinas
"CLOFEN 1,8 MG/ML X 60 ML (DOLLDER)      ",21.46,Gracitana Medicinas
CLOFEN 15 MG/ML X 15ML GTA (DOLLDER)    ,11.4,Gracitana Medicinas
CLOFEN 50 MG X 10 COMP (DOLLDER)        ,7.38,Gracitana Medicinas
CLOFEN 50 MG X 30 TAB (DOLLDER)         ,12.75,Gracitana Medicinas
CLONEDAC CREMA X 20 GR (DAC)            ,22.67,Gracitana Medicinas
CLONEDAC FEET CREMA X 20 GR (DAC55)     ,18.87,Gracitana Medicinas
CLONIPRES 0.150 MG X 20 COMP (KLINOS)   ,49.7,Gracitana Medicinas
CLOPIDEX 75 MG X 30 TAB (PLUSANDEX)     ,32.1,Gracitana Medicinas
CLOPIDOGREL 75 MG X 10 TAB (KIMICEG)    ,16.46,Gracitana Medicinas
CLOPIDOGREL 75 MG X 14 TAB (VIVAX)      ,61.56,Gracitana Medicinas
CLOPIDOGREL 75 MG X 30 TAB (ALESS)      ,46.65,Gracitana Medicinas
CLOPIDOGREL 75 MG X 30 TAB (BUKA)       ,27.46,Gracitana Medicinas
CLOPIDOGREL 75MG X 14 COMP SPEFAR       ,21.14,Gracitana Medicinas
CLOPIDOGREL 75MG X 14 TAB (LA SANTE)    ,21.3,Gracitana Medicinas
CLOPIDOGREL 75MG X 20TAB (FARMAMED)     ,13.89,Gracitana Medicinas
CLOPIVAL 75 MG X 30 TAB (VALMORCA)      ,66.41,Gracitana Medicinas
CLORACI PLUS VIT-C+ZINC X 30 TAB (COFASA,61.34,Gracitana Medicinas
CLORURO DE MAGNESIO 1000 ML BIOFARCO    ,52.01,Gracitana Medicinas
CLORURO DE MAGNESIO 500ML BIOFARCO      ,38.86,Gracitana Medicinas
CLOTRIMAZOL 1% SOL TOP X 30 ML (LAPROFF),19.95,Gracitana Medicinas
CLOTRIMAZOL 200 MG X 3 OVULOS (ALESS)   ,18.22,Gracitana Medicinas
CLOTRIMAZOL 500 MG X 1 OVULO (ALESS)    ,21,Gracitana Medicinas
CLOZAPINA 100MG X 30TAB CLEOPHARMA      ,40.62,Gracitana Medicinas
CO-SULTRIN 40-200/5X 100 ML SUSP PED (VA,27.77,Gracitana Medicinas
CO-SULTRIN 80-400 MG X 20 COMP (VALMORCA,27.07,Gracitana Medicinas
CO-TRIMOXAZOL (TRIMETOPRIM) X TAB (QUIMF,7.51,Gracitana Medicinas
CODEBROMIL PLUS X 90 ML (VINCENTI)      ,54.2,Gracitana Medicinas
COLASTIN-L 20 MG X 30 TAB (POLINAC)     ,28.13,Gracitana Medicinas
COLAYTE POLVO X 4 TARROS (RONAVA)       ,191.2,Gracitana Medicinas
COLCHICINA 0.5 X 300 TAB                ,188.67,Gracitana Medicinas
COLFENE 600 MG-4 MG X 15 COMP (ELMOR)   ,58.59,Gracitana Medicinas
COLGESIC 400 MG X 15 COMP (BIOTECH)     ,36.08,Gracitana Medicinas
COLPRIN 500 MG X 20 TAB (RONAVA)        ,15.21,Gracitana Medicinas
COLPRIN FORTE 650 MG X 10 COMP (RONAVA) ,18.42,Gracitana Medicinas
COLVAL 4 MG X 12 COMP (VALMORCA)        ,51.43,Gracitana Medicinas
COMPLEJO VITAMINA B X 20 COMP (SPEFAR)  ,19.81,Gracitana Medicinas
CORBIS 10 MG X 30 COMP (MEYER)          ,35.77,Gracitana Medicinas
CORBIS 5 MG X 30 COMP (MEYER)           ,38.19,Gracitana Medicinas
CORENTEL 10 MG X 30 COMP (KLINOS)       ,67.12,Gracitana Medicinas
CORENTEL 2.5 MG X 30 COMP (KLINOS)      ,37.04,Gracitana Medicinas
CORENTEL 5 MG X 10 COMP (KLINOS)        ,30.73,Gracitana Medicinas
CORENTEL 5 MG X 30 COMP (KLINOS)        ,51.61,Gracitana Medicinas
CORENTEL H 10 / 6.25 X 30 COMP (KLINOS) ,72.67,Gracitana Medicinas
CORENTEL H 5/6.25 X 30 COMP (ROEMMERS)  ,75.45,Gracitana Medicinas
COROPRES 16MG X 10 COMP (KLINOS)        ,25.14,Gracitana Medicinas
COROPRES 16MG X 30 COMP (KLINOS)        ,63.5,Gracitana Medicinas
COROPRES 32MG X 30 COMP (KLINOS)        ,107.16,Gracitana Medicinas
COROPRES 8 MG X 30 COMP (ROEMMERS)      ,33.07,Gracitana Medicinas
COROPRES 8MG X 10 COMP (KLINOS)         ,18.14,Gracitana Medicinas
COROPRES H 16/12.5 X 30 COMP (ROEMMERS) ,85.75,Gracitana Medicinas
COROPRES H 32/12.5 MG X 30 COMP (KLINOS),109.81,Gracitana Medicinas
COROPRES H 8/12.5MG X 30 COMP (ROEMMERS),60.05,Gracitana Medicinas
COXIBEN 200MG X 30CAP (KLINOS)          ,138.29,Gracitana Medicinas
CROMOLOX 4 % SOL OFT X 5 ML             ,27.5,Gracitana Medicinas
CURPINOL 12.5 MG X 30 COMP (ROWE)       ,48.88,Gracitana Medicinas
CURPINOL 25 MG X 30 COMP (ROWE)         ,62.86,Gracitana Medicinas
CURPINOL 6.25 MG X 10 COMP (ROWE)       ,15.39,Gracitana Medicinas
CUTICLIN 10 MG X 30 CAP (VIVAX)         ,126.15,Gracitana Medicinas
CUTICLIN 20 MG X 30 CAP (VIVAX)         ,163.63,Gracitana Medicinas
CYNT 20 MG X 20 COMP (DOLLDER)          ,22.12,Gracitana Medicinas
CYNT 40 MG X 10 COMP DOLLDER            ,16.11,Gracitana Medicinas
CYPRAL 750 MG X 6 TAB                   ,15.5,Gracitana Medicinas
DALCITRIN (MUPIROCIN) 2% UNG X 30 GR (DO,46.96,Gracitana Medicinas
DALPAS (BUSPIKRONA) 5 MG X 30 TAB (BIOTE,26.55,Gracitana Medicinas
DALTAZEN 60 MG X 20 COMP (KLINOS)       ,84.66,Gracitana Medicinas
DARLIDE 1000 UI X 30 CAP BLANDAS (FCPHAR,20.69,Gracitana Medicinas
DARLIDE 1000 UI X 60 CAP BLANDAS (FCPHAR,35.15,Gracitana Medicinas
DAYFLU DIA 500 MG X 5 CAP               ,18.04,Gracitana Medicinas
DAYFLU DIA 500/10/2 MG X 10 CAPS        ,32.61,Gracitana Medicinas
DAYFLU DIA NOCHE 500 MG X 15 CAP        ,45.12,Gracitana Medicinas
DAYFLU DIA/NOCHE X 6 CAP (VIVAX)        ,20.75,Gracitana Medicinas
DAYFLU NOCHE CAP 500/2 MG X 10          ,32.61,Gracitana Medicinas
DAYFLU NOCHE X 5 CAP (VIVAX)            ,18.04,Gracitana Medicinas
DECOBEL 0.5 MG X 30 TAB (RONAVA)        ,24.94,Gracitana Medicinas
DEFEROL (VIT-D3) 7000 MG X 8 CAP (VIVAX),33.25,Gracitana Medicinas
DEFLAZACORT 30 MG X 30 TAB (CALOX)      ,103.06,Gracitana Medicinas
DEFLAZACORT 6 MG X 10 TAB (LAPROFF)     ,40.93,Gracitana Medicinas
DEGASTROL 30 MG X 14 CAP (POLINAC)      ,18.46,Gracitana Medicinas
DEGASTROL 30 MG X 28 CAP (POLINAC)      ,28.55,Gracitana Medicinas
DEKLARIT 500 MG X 14 TAB (POLINAC)      ,57.81,Gracitana Medicinas
DENCORUB CREMA 40 GR                    ,21.7,Gracitana Medicinas
DENCORUB ICE GEL 40GR.                  ,17.94,Gracitana Medicinas
DENCORUB ICE ROLL ON BOG X 80G          ,18.39,Gracitana Medicinas
DENUAL 150MG X 1 COMP (ROWE)            ,41.02,Gracitana Medicinas
DERMAZOL CREMA 0.05% X 30GR             ,66.14,Gracitana Medicinas
DERMAZOL LOC CAP 0.05% X 25ML (KLINOS)  ,74.04,Gracitana Medicinas
DERMAZOL UNGUENTO 0.05% X 30GR          ,76.74,Gracitana Medicinas
DERMOSUPRIL 0.05% CRM X 15 G            ,52.91,Gracitana Medicinas
DERMOSUPRIL 0.1% CRM X 15 G             ,60.1,Gracitana Medicinas
DERMOSUPRIL 0.1% LOCION X 30ML KLINOS   ,69.86,Gracitana Medicinas
DERMOSUPRIL EMULSION 120ML              ,125.77,Gracitana Medicinas
DESLER 0.5MG/5ML X 60 ML JBE PED LA SANT,33.3,Gracitana Medicinas
DESLER 5 MG X 10 TAB LA SANTE           ,29.59,Gracitana Medicinas
"DESLER M 2,5MG/5MG X 10 TAB LA SANTE    ",45.08,Gracitana Medicinas
"DESLER M 2,5MG/5MG X 30 TAB LA SANTE    ",100.4,Gracitana Medicinas
DESLER M 5MG/10MG X 10 TAB (LA SANTE)   ,62.68,Gracitana Medicinas
DESLER M 5MG/10MG X 30 TAB LA SANTE     ,123.9,Gracitana Medicinas
"DESLORATADINA 2,5/5ML JBE. 60ML LA SANTE",23.57,Gracitana Medicinas
DESLORATADINA 2.5 MG X 60 ML JBE (MEYER),24.51,Gracitana Medicinas
DESLORATADINA 5 MG X 10 COMP (SPEFAR)   ,19.57,Gracitana Medicinas
DESLORATADINA 5 MG X 10 TAB (LA SANTE)  ,13.67,Gracitana Medicinas
DESLORATADINA 5 MG X 10 TAB (LAPROFF)   ,33.74,Gracitana Medicinas
DESONIDA 0.05%  X 15 GR CREMA (MEYER)   ,22.87,Gracitana Medicinas
DESONIDA 0.1% CREMA (MEYER)             ,26.49,Gracitana Medicinas
DEXAMETASONA 4 MG X 10 TAB (FARMAMED)   ,6.95,Gracitana Medicinas
DEXAMETASONA 4MG X 10 COMP (SPEFAR)     ,18.46,Gracitana Medicinas
DEXTROBRAM SUSPE OFTALMICA X 5ML (VINCEN,20.93,Gracitana Medicinas
DEXTROSA 5% X 500 ML I.V (BALKER)       ,18.85,Gracitana Medicinas
DEXTROSA N4 5 % X 500 ML BEHRENS        ,26.88,Gracitana Medicinas
DI-EUDRIN 12.5 MG X 24 TAB (BIOTECH)    ,26.42,Gracitana Medicinas
DIADEX CRM ANTIPAÑALITIS ALOE VERA X 50G,13.73,Gracitana Medicinas
DIAFORMINA 1000 MG X 30 COMP (KLINOS)   ,96.43,Gracitana Medicinas
DIAFORMINA COMP 850-2MG X 30COMP KLINOS ,60.1,Gracitana Medicinas
DIAFORMINA PLUS 2.5MG-500MG X 30 COMP (K,89.97,Gracitana Medicinas
DIARONA (AMIODARONA) 200MG X 10 TAB     ,51.78,Gracitana Medicinas
DICLODEX 50 MG X 10 TAB (PLUSANDEX)     ,6.68,Gracitana Medicinas
DICLODEX 50 MG X 20 TAB (PLUSANDEX)     ,11.89,Gracitana Medicinas
DICLOFENAC DIETILAMINO GEL 15 GR SPEFAR ,24.22,Gracitana Medicinas
DICLOFENAC POTASICO 50 MG X 10 (LA SANTE,7.17,Gracitana Medicinas
DICLOFENAC POTASICO 50 MG X 10 TAB (BUKA,4.6,Gracitana Medicinas
DICLOFENAC POTASICO 50 MG X 10 TAB (FARM,4.04,Gracitana Medicinas
DICLOFENAC POTASICO 50 MG X 100 TAB (EDS,34.3,Gracitana Medicinas
DICLOFENAC POTASICO 50 MG X 100 TAB (LA ,65.59,Gracitana Medicinas
DICLOFENAC POTASICO 50 MG X 20 COMP (SPE,19.48,Gracitana Medicinas
DICLOFENAC POTASICO 50 MG X 20 TAB (DAC),8.75,Gracitana Medicinas
DICLOFENAC POTASICO 50 MG X 20 TAB (KIMI,15.13,Gracitana Medicinas
DICLOFENAC POTASICO 50 MG X 20 TAB (UNIP,6.86,Gracitana Medicinas
DICLOFENAC SODICO 50 MG X 30 TAB (CALOX),17.13,Gracitana Medicinas
DICLOFENAC SODICO 50MG X 100TAB HB BIOSC,46.93,Gracitana Medicinas
DICLOFENAC SODICO 50MG X 20TAB (ALESS)  ,10.13,Gracitana Medicinas
DICLOFENAC SODICO SUPOS 100MG X 10 SUP  ,31.63,Gracitana Medicinas
DICLOFENAC SODICO SUPOS 50MG X 10 SUP   ,24.33,Gracitana Medicinas
DICLOFEVIN 50 MG X 10 CAP (VINCENTI)    ,16.85,Gracitana Medicinas
DIECAPS 120 MG X 30 CAP (ROWE)          ,158.77,Gracitana Medicinas
DIECAPS 60 MG X 30 CAP (ROWE)           ,95.24,Gracitana Medicinas
DIFEN PLUS TAB X 10 MEYER               ,18.57,Gracitana Medicinas
DIFEN PLUS X 20 TAB (MEYER)             ,35.26,Gracitana Medicinas
DIFEN TAB X 10 MEYER                    ,17.64,Gracitana Medicinas
DIFENAC 1 % GEL X 30 GR (DOLLDER)       ,20.13,Gracitana Medicinas
DIFENAC 50 MG X 20 COMP (DOLLDER)       ,11.98,Gracitana Medicinas
DIFENAC FORTE 100 MG X 10 COMP (DOLLDER),15.43,Gracitana Medicinas
DIGOXINA 0.25 MG X 30 TAB (LATTAN)      ,22.68,Gracitana Medicinas
DIGOXINA 0.25MG X 30TAB (ANGELUS)       ,19.44,Gracitana Medicinas
DIHIDROLIP 10MG X 10 COMP (ZUOZ)        ,30.55,Gracitana Medicinas
DIHIDROLIP 20MG X 10 COMP (ZUOZ)        ,55.9,Gracitana Medicinas
DILOTEX (AMLOD) 10MG X 10 COMP DOLLDER  ,9.87,Gracitana Medicinas
DILOTEX (AMLOD) 5MG X 20 COMP DOLLDER   ,10.02,Gracitana Medicinas
DILUXEN(MEXINON) 60 MG X 20 TAB (FARMA) ,60.14,Gracitana Medicinas
DIMAR (GLIME-METFO) 1000MG X 30 COMP MEY,41.2,Gracitana Medicinas
DINITRATO DE ISOSORBIBLE 5 MG X 100 TAB ,57.15,Gracitana Medicinas
DINITRIO DE ISOSORBIDE 10MG X 300TAB (LA,198.56,Gracitana Medicinas
DIOSMINA-HESP 450/50 MG X 10 TAB (LA SAN,40.64,Gracitana Medicinas
DIOSMINA-HESPE 450/50 MG X 10 TAB (DAC55,47.72,Gracitana Medicinas
DIPLOZ 1 MG X 30 TAB (CALOX)            ,65.23,Gracitana Medicinas
DIVAL 50 MG X 20 TAB (VALMORCA)         ,13.2,Gracitana Medicinas
DIVAL FORTE 100 MG X 20 TAB (VALMORCA)  ,28.56,Gracitana Medicinas
DOL 450 MG X 20 TAB (CALOX)             ,28.95,Gracitana Medicinas
DOLAK 10 MG X 20 COMP (DOLLDER)         ,22.81,Gracitana Medicinas
DOLAK 20 MG X 10 COMP (DOLLDER)         ,31.54,Gracitana Medicinas
DOLAK SUBLINGUAL 30MG X 4 COMP (DOLLDER),21.46,Gracitana Medicinas
DOLAK SUBLINGUAL10 MG X 10 COMP (DOLLDER,22.12,Gracitana Medicinas
DOLNIX (PREGABALINA) 75MG X 20CAPS DOLLD,29.51,Gracitana Medicinas
DOLOMAX 100 MG X 20 TAB (FARMA)         ,60.14,Gracitana Medicinas
DOMPERIDONA 10 MG X 15 TAB (CALOX)      ,11.31,Gracitana Medicinas
DOMPESIN 1 MG/ML X 120 ML SUSP (DOLLDER),26.17,Gracitana Medicinas
DOMPESIN 10 MG X 30 COMP (DOLLDER)      ,21.45,Gracitana Medicinas
DORIXINA FLEX 125-5MG X 10 COMP (KLINOS),66.14,Gracitana Medicinas
DOSPROL (DOMPERIDONA)10 MG X 30 TAB (CAL,26.66,Gracitana Medicinas
DOVILIN POLIVITAMINICO X 120 ML         ,17.3,Gracitana Medicinas
DROMETOX 4 MG/ 5 ML X 120 ML (KIMICEG)  ,17.56,Gracitana Medicinas
DROPELLA 3MG-00.3MG X 21TAB (LAPREVEN)  ,63.14,Gracitana Medicinas
DROPIL (QUETIAPINA) 200 MG X 40 (DOLLDER,103.3,Gracitana Medicinas
DROPIL (QUETIAPINA) 25 MG X 40 TAB (DOLL,65.75,Gracitana Medicinas
DROPIL(QUETIAPINA)100 MG X 40 COMP DOLLD,87.19,Gracitana Medicinas
DULOXETINA 30MG X 30TAB CLEOPHARMA      ,38.86,Gracitana Medicinas
DUROVAL 100 MG X 1 TAB (VALMORCA)       ,11.97,Gracitana Medicinas
DUROVAL 50 MG X 1 TAB (VALMORCA)        ,6.43,Gracitana Medicinas
DUROVAL 50 MG X 2 TAB (VALMORCA)        ,11.43,Gracitana Medicinas
DUROVAL 50 MG X 3 TAB (VALMORCA)        ,16.61,Gracitana Medicinas
EDAGAN (QUETIAPINA) 200 MG X 30 COMP    ,157.93,Gracitana Medicinas
ELLE-21 ANTICONCEPTIVA X 21 COMP        ,24.27,Gracitana Medicinas
ELOK MOMETASONA LOCION X 30 ML (LIALI)  ,25.35,Gracitana Medicinas
ENALAPRIL 10 MG X 20 TAB ( LA SANTE)    ,6.89,Gracitana Medicinas
ENALAPRIL 10 MG X 30 TAB (PLUSANDEX)    ,9.97,Gracitana Medicinas
ENALAPRIL 20 MG X 10 TAB (CALOX)        ,9.64,Gracitana Medicinas
ENALAPRIL 20 MG X 20 TAB  (LA SANTE)    ,12.38,Gracitana Medicinas
ENALAPRIL 20 MG X 30 TAB (BUKA)         ,11.44,Gracitana Medicinas
ENALAPRIL 20 MG X 30 TAB (KIMICEG)      ,6.14,Gracitana Medicinas
ENALAPRIL 20 MG X 30 TAB (LA SANTE)     ,16.74,Gracitana Medicinas
ENALAPRIL 20 MG X 30 TAB (PLUSANDEX)    ,12.83,Gracitana Medicinas
EPAX (OMEGA-3 AL 60%)1200MG X 30CAP (VIV,90.77,Gracitana Medicinas
EPITRAL 100 MG X 30 TAB  (VALMORCA)     ,43.13,Gracitana Medicinas
EQUALIV 100MG-50MG X 30TAB (MEYER)      ,41.03,Gracitana Medicinas
EQUIN CREMA VAGINAL X 42.5 GR (POLINAC) ,81.09,Gracitana Medicinas
ERILON CREM 0.05% 15 GR (BIOTECH)       ,28.77,Gracitana Medicinas
ESCITALOPRAM 1 MG X 120 ML JAB (KLINOS) ,39.12,Gracitana Medicinas
ESCITALOPRAM 20 MG X 30 COMP (ROWE)     ,76.85,Gracitana Medicinas
ESOMEPRAZOL 20 MG X 14 TAB (LA SANTE)   ,26.91,Gracitana Medicinas
ESOMEPRAZOL 20 MG X 20 TAB (VIVAX)      ,47.64,Gracitana Medicinas
ESOZ 20 MG X 28 CAP (LA SANTE)          ,59.12,Gracitana Medicinas
ESOZ 20MG X 7 CAP LA SANTE              ,22.57,Gracitana Medicinas
ESOZ 40 MG X 7 CAP (LA SANTE)           ,29.55,Gracitana Medicinas
ESOZ HP 40MG/500MG X 10 DIAS (LA SANTE) ,213.54,Gracitana Medicinas
ESPARFLIN (DESLO) 5 MG X 10 TAB (KLINOS),20.96,Gracitana Medicinas
ESPARFLIN JBE X 50ML DESLORA (KLINOS)   ,25.13,Gracitana Medicinas
ESPIRONOLACTONA 100 MG X 10 TAB (MEYER) ,40.73,Gracitana Medicinas
ESPIRONOLACTONA 25 MG X 20 TAB MEYER    ,26.1,Gracitana Medicinas
ESPIRONOLACTONA 25 MG X 300 TAB (LAPROFF,453.08,Gracitana Medicinas
ESQUIDONE 1 MG X 30 TAB (VALMORCA)      ,42.76,Gracitana Medicinas
ESQUIDONE 2 MG X 30 TAB (VALMORCA)      ,56.71,Gracitana Medicinas
ESQUIDONE 3 MG X 30 TAB (VALMORCA)      ,69.04,Gracitana Medicinas
ESTATLEN 80 MG X 10 TAB (MEYER)         ,51.24,Gracitana Medicinas
ETORICOXIB (ARCOXIA) 90 MG X 7 TAB (LATT,17,Gracitana Medicinas
ETOROCZIA 60MG X 10 TAB BLISTER (ZUOZ)  ,28.32,Gracitana Medicinas
ETOXIA 90 MG X 10 TAB (CALOX)           ,55.35,Gracitana Medicinas
EUKENE 20 MG X 30 COMP (KLINOS)         ,51.73,Gracitana Medicinas
EUKENE HCT 20-12.5MG X 30COMP KLINOS    ,69.86,Gracitana Medicinas
EUKENE HCT 40-12.5 MG X 30 COMP (KLINOS ,96.43,Gracitana Medicinas
EUKENE HCT 40-25 MG X 30 COMP (KLINOS)  ,113.18,Gracitana Medicinas
EUSILEN 4 MG X 15 COMP (COFASA)         ,99.85,Gracitana Medicinas
EUSILEN 4 MG X 8 COMP (COFASA)          ,55.86,Gracitana Medicinas
EVIGAX 125 MG X 10 CAP (VIVAX)          ,40.35,Gracitana Medicinas
EVIGAX 125 MG X 20 CAP (VIVAX)          ,58.88,Gracitana Medicinas
EXOVIS DUO 400MG-57MGSUSP (FCPHARMA     ,93.6,Gracitana Medicinas
EZETIMIBA-SIMVASTATINA 10-20MG X 30TAB  ,43.3,Gracitana Medicinas
EZOLIUM 20 MG X 30 CAPS. LAB VIVAX      ,49.38,Gracitana Medicinas
FANASAL (NAFAZOLINA) ADUL GTA (QUIMFAR) ,11.89,Gracitana Medicinas
FARBICIL 1% CREMA 15 G (KLINOS)         ,39.12,Gracitana Medicinas
FARBICIL 1% LOCION  X 30 ML KLINOS      ,54.25,Gracitana Medicinas
FARMA D VIT-D 5000 UI X 10 TAB (FARMA)  ,19.84,Gracitana Medicinas
FAZOL 500 MG X 15 ML SUSP (DOLLDER)     ,24.93,Gracitana Medicinas
FEBRATIC 10MG/5ML 120ML SUSP (ROEMMERS) ,37.04,Gracitana Medicinas
FEBRATIC 15MG/ML X 15ML GTAS (KLINOS)   ,17.19,Gracitana Medicinas
FEBRILIX 500MG X 20TAB (KIMICEG)        ,11.87,Gracitana Medicinas
FEBRILIX GRIP 500MG-2MG X 10TAB (KIMICEG,26.62,Gracitana Medicinas
FEBRIP 650 MG X 14 COMP LAB KLINOS      ,11.43,Gracitana Medicinas
FEM DUCHA VAGINAL 135ML (BIOTECH)       ,27.06,Gracitana Medicinas
FEMIZOL OVULOS X 7 UND (VARGAS)         ,100.68,Gracitana Medicinas
FEMMEXULTRA 200/30 MG X 10 TAB (FARMA)  ,23.79,Gracitana Medicinas
FENRONA 100MG/5ML X 150ML JAB (UNIPHARMA,21.73,Gracitana Medicinas
FERCOR FERROSO X 30 CAP (BIOQUIMICA)    ,26.84,Gracitana Medicinas
FERGANIC 40 MG X 14 CAP (ROWE)          ,57.15,Gracitana Medicinas
FERGANIC 40MG X 24 CAPS KLINOS          ,82.02,Gracitana Medicinas
FERGANIC FOLIC 40 MG X 20 TAB. MAST.    ,60.86,Gracitana Medicinas
FERGANIC FOLIC GOTAS 30ML (KLINOS)      ,64.83,Gracitana Medicinas
FERGANIC FOLIC JBE. 120ML               ,99.22,Gracitana Medicinas
FERGANIC GOTAS 15ML (KLINOS)            ,43.66,Gracitana Medicinas
FERGANIC JBE. 120ML (KLINOS)            ,78.05,Gracitana Medicinas
FERROCE ENTERICA X 30 TAB (MEYER)       ,41.94,Gracitana Medicinas
FESTAL X 20 GRG (CALOX)                 ,55.2,Gracitana Medicinas
FEXOFENADINA 120 MG X 10 COMP (SPEFAR)  ,20.24,Gracitana Medicinas
FEXOFENADINA 120MG X 10 TAB. (LA SANTE) ,31.62,Gracitana Medicinas
FEXOFENADINA 30MG/5ML X 120 ML (LA SANTE,47.18,Gracitana Medicinas
FINASTERIDE 5MG X 30TAB (ANGELUS)       ,34.27,Gracitana Medicinas
FITEX 20 MG X 1 TAB (FARMA)             ,9.82,Gracitana Medicinas
FLATORIL 80 MG X 20 ML GOTAS (ELMOR)    ,45.53,Gracitana Medicinas
FLATVIN 125 MG X 10 CAP (VINCENTI)      ,38.75,Gracitana Medicinas
FLAVOL 300 MG X 20 CAP (RONAVA)         ,57.36,Gracitana Medicinas
FLAVOXATO 200 MG X 10 TAB (CALOX)       ,33.98,Gracitana Medicinas
FLAVOXATO 200 MG X 10 TAB (LA SANTE)    ,33.81,Gracitana Medicinas
FLAXOL 1000 MG X 30 CAP (BEHRENS)       ,111.41,Gracitana Medicinas
FLEMIBAR 6.67MG - 333.40MG/ML X 20ML (KL,39.12,Gracitana Medicinas
FLENOX 15 MG X 120 ML (BIOTECH)         ,24.85,Gracitana Medicinas
FLENOX 30 MG X 120 ML (BIOTECH)         ,28.99,Gracitana Medicinas
FLOGAREN 50MG X 20 TAB DICLOFENAC SODIC ,16.97,Gracitana Medicinas
FLOUXETINA 20 MG X 20 TAB (FARMAMED)    ,11.57,Gracitana Medicinas
FLUCON 150 MG X 2 CAP (ROWE)            ,19.83,Gracitana Medicinas
FLUCON 200 MG X 4 CAP (ROWE)            ,33.07,Gracitana Medicinas
FLUCONAZOL 150 MG X 2 CAP (LA SANTE)    ,15.89,Gracitana Medicinas
FLUCONAZOL 150 MG X 2 CAPSULAS (SPEFAR) ,17.52,Gracitana Medicinas
FLUCONAZOL 150 MG X 2 TAB (CALOX)       ,15.86,Gracitana Medicinas
FLUCONAZOL 200 MG X 100 CAP (LAPROFF)   ,338.85,Gracitana Medicinas
FLUCONAZOL150 MG X 2 CAP (VALMORCA)     ,16.61,Gracitana Medicinas
FLUDIL 10 MG X 40 TAB (LA SANTE)        ,87.86,Gracitana Medicinas
FLUDIL 10MG X 20 TAB (LA SANTE)         ,47.94,Gracitana Medicinas
FLUOXETINA 20 MG X 14 CAP (BIOTECH)     ,21.46,Gracitana Medicinas
FLUOXETINA 20 MG X 300 TAB (LAPROFF)    ,311.19,Gracitana Medicinas
FOLAC 10 X 20 TAB (RONAVA)              ,15.21,Gracitana Medicinas
FOLAC 5 MG X 20 TAB (RONAVA)            ,11.83,Gracitana Medicinas
FOLIFER B-12 X 30 TAB (RONAVA)          ,32.7,Gracitana Medicinas
"FOSFOLIT 21,6 G - 8,1 G X 45 ML SOL ORAL",103.02,Gracitana Medicinas
FRIXONIL SPRAY X 60 ML (VINCENTI)       ,28.94,Gracitana Medicinas
FUGOLIN CAP VAGINAL BLANDA X 1CAP (VINCE,43.07,Gracitana Medicinas
FUGOLIN CREMA TOPICA X 20 GR (VINCENTI) ,28.66,Gracitana Medicinas
FUGOLIN CREMA VAG 50G (VINCENTI)        ,54.61,Gracitana Medicinas
FUGOLIN SOL 100 MG X 30 ML (VINCENTI)   ,33.91,Gracitana Medicinas
FUGOLIN SPRAY X 30 ML (VINCENTI)        ,50.83,Gracitana Medicinas
FUNGOSIN 100 MG X 6 CAP (DOLLDER)       ,32.2,Gracitana Medicinas
FUROSEMIDA 20 MG X 12 TAB (MEYER)       ,15.41,Gracitana Medicinas
FUROSEMIDA 40 MG X 12 TAB (PLUSANDEX)   ,6.07,Gracitana Medicinas
FUROSEMIDA 40 MG X 24 TAB MEYER         ,20.14,Gracitana Medicinas
FUROSIL 50 MG X 90 ML (VINCENTI)        ,37.42,Gracitana Medicinas
GABAPENTINA 300 MG X 14 CAP (LATTAN)    ,22.88,Gracitana Medicinas
GABAPENTINA 300 MG X 20 CAP (CALOX)     ,34.27,Gracitana Medicinas
GABAPENTINA 300MG X 20TAB (FARMAMED)    ,11.55,Gracitana Medicinas
GABOX 200 MG X 20 TAB (RONAVA)          ,34.89,Gracitana Medicinas
GENCIVOL COMPUESTO SOL 15ML             ,36.76,Gracitana Medicinas
GENTAMICINA 0.1% CRM X 15GR (CLINIMED)  ,12.6,Gracitana Medicinas
GENTAMICINA 0.1% CRM X 15GR (LA SANTE)  ,23.2,Gracitana Medicinas
GENTAMICINA 0.3% X 5ML GOTAS (UNIPHARMA),17.15,Gracitana Medicinas
GENTAMICINA 0.3%/ SOL OFT X 10ML (LIALI-,15.87,Gracitana Medicinas
GERIATECH COMPLEJO ALIMENTICIO X 30 CAP ,72.97,Gracitana Medicinas
GINACOL 0.1% SOL VAGINAL                ,26.42,Gracitana Medicinas
GLAUCOPROST 0.004% SOL OFT X 3ML KLINOS ,79.38,Gracitana Medicinas
GLAUCOTENSIL D SOL OFT 2% X 5ML KLINOS  ,87.33,Gracitana Medicinas
GLAUCOTENSIL T SOL OFT X 5ML KLINOS     ,96.58,Gracitana Medicinas
GLIBENCLAMIDA 5 MG X 30 TAB (BUKA)      ,28.57,Gracitana Medicinas
GLIBENCLAMIDA 5 MG X 30 TAB (FARMAMED)  ,11.57,Gracitana Medicinas
GLIBENCLAMIDA 5 MG X 300 TAB (LAPROFF)  ,142.6,Gracitana Medicinas
GLIBENCLAMIDA 5MG / METFORMINA 500MG 30 ,45.73,Gracitana Medicinas
GLIDAN 80 MG X 20 TAB (KLINOS)          ,50.27,Gracitana Medicinas
GLIFORMIN 850 MG X 30 TAB (MEYER)       ,55.02,Gracitana Medicinas
GLIFORMIN TAB 1000 MG X 30 MEYER        ,34.84,Gracitana Medicinas
GLIMEPIRIDA 2 MG X 30 TAB (FARMAMED)    ,9.22,Gracitana Medicinas
GLIMEPIRIDE 2 MG X 16 TAB LA SANTE      ,22.57,Gracitana Medicinas
GLIMEPIRIDE 4 MG X 16 TAB LA SANTE      ,29.06,Gracitana Medicinas
GLIMERID 4 MG X 10 TAB (LA SANTE)       ,33.3,Gracitana Medicinas
GLUCONATO FERROSO 50 MG X 120 ML (BIOQUI,16.33,Gracitana Medicinas
GLUCOZIM 500 MG X 20 COMP (RONAVA)      ,30.59,Gracitana Medicinas
GLUNOVAC 850 MG X 30 TAB (POLINAC)      ,14.64,Gracitana Medicinas
GLUNOVAG 500 MG X 60 TAB (POLINAC)      ,21.18,Gracitana Medicinas
GLUSTAR ATORVASTATINA 10 MG X 14  LA SAN,26.41,Gracitana Medicinas
GLUSTAR ATORVASTATINA 20 MG X 14 TAB LA ,34.79,Gracitana Medicinas
GLUTAPTIN 100 MG X 30 TAB (CALOX)       ,71.34,Gracitana Medicinas
GOTAS ANTIESTRES X 30 ML (RECETTEMARK)  ,10.23,Gracitana Medicinas
GRATIO (CIPRO) 500 MG X 10 TAB (RONAVA) ,28.85,Gracitana Medicinas
GRAUSIN JBE X 120 LAB KLINOS            ,43.66,Gracitana Medicinas
GULAPER 50MG/ML 30 ML GTAS (KLINOS)     ,34.93,Gracitana Medicinas
GYNO CLONEDAC CREMA VAG 50GR X6DIAS (DAC,28.76,Gracitana Medicinas
GYNOVIT SOL VAG X 130 ML                ,32.46,Gracitana Medicinas
HALOPERIDOL 5 MG X 30 TAB (CLEOPHARMA)  ,21.48,Gracitana Medicinas
HELAL 200 MG X 2 COMP (ROEMERS)         ,12.57,Gracitana Medicinas
HENOVIC GOTAS 30ML LAB VARGAS           ,63.15,Gracitana Medicinas
HEPAFOL B-12  X 30 TAB (MEYER)          ,36.39,Gracitana Medicinas
HEPROX (TANSULOSINA)0.4 MG X 30 CAP DOLL,53.56,Gracitana Medicinas
HEXANT (AMBROXOL) 30 MG X 120 ML (KLINOS,44.71,Gracitana Medicinas
HIDROCLOROTIAZIDA 12.5 MG X 10 COMP (SPE,18.35,Gracitana Medicinas
HIDROCLOROTIAZIDA 12.5 MG X 30 TAB (BUKA,14.87,Gracitana Medicinas
HIDROCLOROTIAZIDA 25 MG X 400 TAB (LAPRO,163.29,Gracitana Medicinas
HIDROCLOROTIAZIDA 25MG X 20COMP (SPEFAR),19.67,Gracitana Medicinas
HIDROCORTISONA ACETATO 1% CRM X 15 G (CL,11.43,Gracitana Medicinas
HIOSCINA N-BUTIL 10MG X 300TAB (LAPROFF),581.86,Gracitana Medicinas
HISTALER 5 MG X 30 TAB (VALMORCA)       ,42.18,Gracitana Medicinas
HISTALER JBE PED 0.5 MG/ ML X 60 ML     ,24.35,Gracitana Medicinas
IBANDROMET 150 MG X 1 TAB MEYER         ,31.59,Gracitana Medicinas
IBOTUNI 600MG/4MG X 10TAB (UNIPHARMA)   ,25.15,Gracitana Medicinas
IBUCAF 200 MG X 10 TAB (CALOX)          ,15.44,Gracitana Medicinas
IBUCAF 200 MG X 20 TAB (CALOX)          ,25.15,Gracitana Medicinas
IBUCOLVAL 400 MG/4 MG X 20 TAB (VALMORCA,64.58,Gracitana Medicinas
IBUCOLVAL 600 MG/4 MG X 20 TAB (VALMORCA,78.85,Gracitana Medicinas
IBUFENAC 400 MG X 20 CAP (RONAVA)       ,55.82,Gracitana Medicinas
IBUMAX 400 MG X 10 CAP (LA SANTE)       ,19.03,Gracitana Medicinas
IBUPROFEN 600 MG X 100 TAB (BALAXI)     ,70.91,Gracitana Medicinas
IBUPROFENO 200MG TAB X 10 (LA SANTE)    ,12.15,Gracitana Medicinas
IBUPROFENO 400 MG X 10 TAB (BIOQUIMICA) ,8.32,Gracitana Medicinas
IBUPROFENO 400 MG X 10 TAB (KIMICEG)    ,11.57,Gracitana Medicinas
IBUPROFENO 400 MG X 10 TAB (LATTAN)     ,7.48,Gracitana Medicinas
IBUPROFENO 400 MG X 10 TAB (PLUSANDEX)  ,10.37,Gracitana Medicinas
IBUPROFENO 400 MG X 20 TAB (BIOQUIMICA) ,10.94,Gracitana Medicinas
IBUPROFENO 400 MG X 20 TAB (CALOX)      ,28.91,Gracitana Medicinas
IBUPROFENO 400 MG X 20 TAB (SPEFAR)     ,24.23,Gracitana Medicinas
IBUPROFENO 400 MG X 300 TAB (LAPROFF)   ,308.95,Gracitana Medicinas
IBUPROFENO 600 MG X 10 TAB (CALOX)      ,25.98,Gracitana Medicinas
IBUPROFENO 600 MG X 10 TAB (FARMAMED)   ,8.71,Gracitana Medicinas
IBUPROFENO 600 MG X 20 COMP (SPEFAR)    ,27.55,Gracitana Medicinas
IBUPROFENO 800 MG X 10 TAB (FARMAMED)   ,9.23,Gracitana Medicinas
IBUPROFENO 800 MG X 10 TAB (LA SANTE)   ,40,Gracitana Medicinas
IBUPROFENO SUSP 100 MG X 60 ML (KIMICEG),15.39,Gracitana Medicinas
IBUPROFENO TIOCOL 400 MG X 10 COMP (SPEF,24.04,Gracitana Medicinas
IBUPROFENO+TIOCOL 600 MG X 10 TAB (DAC) ,23.81,Gracitana Medicinas
IBUTAFEM(IBU-HIOS) 400 X 20 TAB (MEYER) ,32.8,Gracitana Medicinas
IBUTAFEM(IBUP- HIOS)400-20MG X 10 TAB   ,21.88,Gracitana Medicinas
IBUTAN 200 MG X 10 TAB (MEYER)          ,7.3,Gracitana Medicinas
IBUTAN 400 MG X 10 TAB MEYER            ,12.04,Gracitana Medicinas
IBUTAN 400 MG X 20 TAB (MEYER)          ,16.41,Gracitana Medicinas
IBUTAN 600 MG X 10 TAB (MEYER)          ,18.95,Gracitana Medicinas
IBUTANMIGRA 400 MG / 40MG X 10 TAB      ,14.58,Gracitana Medicinas
IBUTANMIGRA TABLETAS X 20               ,23.7,Gracitana Medicinas
IBUTIL (IBUP+TIOC) 400 MG X 20 TAB (RONA,85.17,Gracitana Medicinas
IBUVIN 200 MG X 10 CAP (VINCENTI)       ,10.6,Gracitana Medicinas
ILANA OVULO 600MG X 1 CAPS BLANDA VAG   ,39.32,Gracitana Medicinas
IMAZOL 1% CREMA VAGINAL X 50 GR         ,49.24,Gracitana Medicinas
IMAZOL 1% CREMA X 20 GR                 ,23.7,Gracitana Medicinas
IMAZOL 1% SOLUCION X 20 ML              ,22.01,Gracitana Medicinas
IMAZOL 1% SPRAY X 25 ML                 ,39.2,Gracitana Medicinas
IMAZOL 100 MG CAP BLANDAS VAGINALES X 6 ,58.6,Gracitana Medicinas
IMAZOL 100 MG X 6 TAB VAGINALES         ,29.17,Gracitana Medicinas
IMAZOL DUAL 100 MG X 6 CAP BLANDAS (MEYE,61.98,Gracitana Medicinas
IMAZOL DUAL 500 MG X 1 CAP BLANDAS (MEYE,52.87,Gracitana Medicinas
IMAZOL POLVO AL 1 % X 20 G              ,20.98,Gracitana Medicinas
INIBIL 20 MG X 14  COMP (DOLLDER)       ,22.74,Gracitana Medicinas
IPALAT 1% CREMA                         ,55.25,Gracitana Medicinas
IPROXIN (CIPROFLOXACINA) 500 MG X 12 TAB,21.02,Gracitana Medicinas
IRBESARTAN 150 MG TAB X 10 (LA SANTE)   ,27.56,Gracitana Medicinas
IRBESARTAN 150 MG X 7 TAB (CALOX)       ,22.67,Gracitana Medicinas
IRBESARTAN 300 MG X 7 TAB (CALOX)       ,34.67,Gracitana Medicinas
IRRIGOR (CLOPIDOGREL) 75MG X 14COMP LAB ,23.55,Gracitana Medicinas
ISOSPRAY PLUS 0.15% SOL X 180 ML BIOTECH,34.03,Gracitana Medicinas
ITISONA CREMA X 30 GR LA SANTE          ,30.74,Gracitana Medicinas
ITRACONAZOL 100 MG X 10 CAP (FARMAMED)  ,20.84,Gracitana Medicinas
IVAGAN X 10 TAB (BIOTECH)               ,18.1,Gracitana Medicinas
IVERMECTINA 6 MG X 12 TAB (GENCER)      ,34.98,Gracitana Medicinas
IVERMECTINA 6 MG X 16 TAB (FCPHARMA)    ,23.39,Gracitana Medicinas
IVERMECTINA 6 MG X 4 TAB (CALOX)        ,11.84,Gracitana Medicinas
JARABE LAMEDOR COMP X 120 ML (BIOFARCO) ,30.3,Gracitana Medicinas
JARABE PASSIFLORA X 120 ML (FCPHARMA)   ,36.74,Gracitana Medicinas
JARABE RABANO YODADO JAB X 120 ML       ,26.31,Gracitana Medicinas
JARABE ZABILA C/MIEL AD X 120 ML (FCPHAR,41.12,Gracitana Medicinas
JARIT 100MG X 30 TAB (PROGESTERONA)     ,218.11,Gracitana Medicinas
JARIT 200MG X 30 CAP (PROGESTERONA)     ,280.9,Gracitana Medicinas
KAPET 75 MG X 14 TAB (MEYER)            ,25.53,Gracitana Medicinas
KAPET 75 MG X 30 TAB (MEYER)            ,54.69,Gracitana Medicinas
KELFEN 1MG/ML X 120 ML JAB (KLINOS)     ,37.04,Gracitana Medicinas
KELFEN GEL 2.5% X 30 GR (ROWE)          ,41.02,Gracitana Medicinas
KETAZOL 2 % CHAMPU LAB VARGAS           ,106.17,Gracitana Medicinas
KETAZOL CREMA 15 GR (VARGAS)            ,34.11,Gracitana Medicinas
KETIAN 25 MG X 10 TAB (VIVAX)           ,41.19,Gracitana Medicinas
KETOCONAZOL 2% CREMA X 15 GR (KIMICEG)  ,26.06,Gracitana Medicinas
KETODAC 100MG X 10CAP (KETOPROFENO) DAC5,16.56,Gracitana Medicinas
KETOMIZOL 2% CREMA X 15 GR (KIMICEG)    ,27.35,Gracitana Medicinas
KETOPROFENO 100 MG X 10 TAB (COFASA)    ,32.33,Gracitana Medicinas
KETOPROFENO 100 MG X 10 TAB (PLUSANDEX) ,13.09,Gracitana Medicinas
KETOPROFENO 100 MG X 20 TAB (PLUSANDEX) ,20.48,Gracitana Medicinas
KETOPROFENO 50 MG X 12 CAP (CALOX)      ,22.89,Gracitana Medicinas
KETOROLAC 10 MG X 20 COMP (SPEFAR)      ,20.16,Gracitana Medicinas
KETOROLACO 20 MG X 10 TAB (FARMAMED)    ,10.41,Gracitana Medicinas
KETOROLACO 30 MG X 4 TAB (LA SANTE)     ,26.8,Gracitana Medicinas
KLAFENAC R 100MG X 10 CAP (LA SANTE)    ,22.72,Gracitana Medicinas
KLAS 100 MG - 10 ML X 60 ML JAB (ELMOR) ,21.17,Gracitana Medicinas
KLAS 100 MG X 20 CAP (ELMOR)            ,29.86,Gracitana Medicinas
KUARA 0.2% SOL OFT X 3ML KLINOS         ,63.5,Gracitana Medicinas
LAGRIOFTOL SOL OFT X 15 ML (LA SANTE)   ,43.26,Gracitana Medicinas
LAMOTRIGINA 100 MG X 30 TAB (LATTAN)    ,20.42,Gracitana Medicinas
LANCERAN (METOCLOPRAMIDA) 5 MG X 90 ML  ,12.24,Gracitana Medicinas
LANSOPRAZOL 30 MG X 14 CAP (CALOX)      ,26.99,Gracitana Medicinas
LANSOPRAZOL 30 MG X 28 CAP (CALOX)      ,40.49,Gracitana Medicinas
LASIX 20 MG X 24 COMP (CALOX)           ,22.62,Gracitana Medicinas
LEFLUMAX (LEVOFLOXACINA) X 7 COMP (ELEA),60.68,Gracitana Medicinas
LEPRIT 25 MG X 30 TAB LA SANTE          ,49.26,Gracitana Medicinas
LEPRIT ENZIMATICO X 6 TAB               ,70.01,Gracitana Medicinas
LEPTAZINE 5 MG X 30 COMP (ROWE)         ,39.12,Gracitana Medicinas
LESTECOL (ATORVASTATINA) 20 MG X 30 TAB ,35.88,Gracitana Medicinas
LESTECOL (ATORVASTATINA) 40 MG X 30 TAB ,66.27,Gracitana Medicinas
LEVAX (SILDENAFIL) 50 MG X 1 CAP (VIVAX),18.7,Gracitana Medicinas
LEVAX (SILDENAFIL) 50 MG X 2 CAP (VIVAX),19.13,Gracitana Medicinas
LEVEDALT 500 X 30 COMP (VINCENTI)       ,130.78,Gracitana Medicinas
LEVINZOL 1000 MG X 30 CAP (VINCENTI)    ,62.95,Gracitana Medicinas
LEVOCETIRIZINA 5MG X 10 TAB (LA SANTE)  ,15.29,Gracitana Medicinas
LEVOFERIN 30 MG / 5 ML X 90 ML (VINCENTI,44.51,Gracitana Medicinas
LEVOFLOXACINA 500 MG X 7 TAB (LAPROFF)  ,76.61,Gracitana Medicinas
LEVOFLOXACINA 500MG X 7 TAB (LA SANTE)  ,39.13,Gracitana Medicinas
LEVOSULPIRIDE 25 MG X 30 TAB (LA SANTE) ,32.01,Gracitana Medicinas
LEVOTIROXINA 50 MG X 30 (EUTIROX) COLMED,28.5,Gracitana Medicinas
LEVOTIROXINA SODICA 100 MG X 100TAB (EDS,58.35,Gracitana Medicinas
LEVOTIROXINA SODICA 100MG X 50TAB (ALESS,42.45,Gracitana Medicinas
LEVOTIROXINA SODICA 50MG X 50TAB (ALESS),31.84,Gracitana Medicinas
LIBERDUX (DESLOR) 2.5 MG X 60 SOL(MEYER),25.32,Gracitana Medicinas
LIBERDUX (DESLOR) 2.5MG X 60 JBE (MEYER),25.99,Gracitana Medicinas
LIOLACTIL 250 MG X 20 CAP (ELMOR)       ,106.01,Gracitana Medicinas
LISIN-BE ALIMENTO LIQUIDO 120 ML        ,38.86,Gracitana Medicinas
LIT 10.8-4.05/67.5ML PED (VARGAS)       ,82.19,Gracitana Medicinas
LIT 16-6/100ML ADUL (VARGAS)            ,84.93,Gracitana Medicinas
LODESTAR HCT 50 / 12.5 X 30 TAB VALMORCA,45.72,Gracitana Medicinas
LODIPIN 10 MG X 30 COMP (ROEMMERS)      ,32.16,Gracitana Medicinas
LODIPIN 5 MG X 10 COMP (KLINOS)         ,13.96,Gracitana Medicinas
LOFLOX 400MG X 10 TAB MEYER             ,12.67,Gracitana Medicinas
LOFLOX 400MG X 5 TAB MEYER              ,8.13,Gracitana Medicinas
LOGAT 2 MG X 20 COMP (DOLLDER)          ,26.83,Gracitana Medicinas
LOPERAM 2MG DISPEN 50 X 4 TAB (VARGAS)  ,821.9,Gracitana Medicinas
LORADEX 1 MG X 30 ML (PLUSANDEX)        ,9.85,Gracitana Medicinas
LORADEX 1 MG X 60 ML (PLUSANDEX)        ,15.03,Gracitana Medicinas
LORADEX 10 MG X 10 TAB (PLUSANDEX)      ,7.25,Gracitana Medicinas
LORATADINA 10 MG X 10 COMP (SPEFAR)     ,17.34,Gracitana Medicinas
LORATADINA 10 MG X 10 TAB (BIOQUIMICA)  ,6.7,Gracitana Medicinas
LORATADINA 10 MG X 10 TAB (CALOX)       ,11.89,Gracitana Medicinas
LORATADINA 10 MG X 10 TAB (LA SANTE)    ,7.91,Gracitana Medicinas
LORATADINA 10 MG X 100 TAB (BALAXI)     ,36.61,Gracitana Medicinas
LORATADINA 10 MG X 20 TAB (LA SANTE)    ,16.51,Gracitana Medicinas
LORATADINA 10 MG X 400 TAB (LAPROFF)    ,239.22,Gracitana Medicinas
LORATADINA 1MG/ML JAB 60ML (BIOQUIMICA) ,12.97,Gracitana Medicinas
LORATADINA 5 MG / 5 ML JAB 60 ML (BUKA) ,11.44,Gracitana Medicinas
LORATADINA-PSEUDO 5/60-5ML X60ML JAB (LA,13.93,Gracitana Medicinas
LORAVAL 5 MG/5 X 60 ML JAB (VALMORCA)   ,17.57,Gracitana Medicinas
LORAVAL10 MG X 10 TAB (VALMORCA)        ,13.75,Gracitana Medicinas
LOREX 1 MG X 60 ML JAB (DOLLDER)        ,10.72,Gracitana Medicinas
LOREX 10 MG X 10 COMP (DOLLDER)         ,7.38,Gracitana Medicinas
LOSAPRES PLUS 50 MG/12.5 MG X 28 TAB (PO,22.5,Gracitana Medicinas
LOSARTAN POTASICO 100 MG X 10 (LA SANTE),16.56,Gracitana Medicinas
LOSARTAN POTASICO 100 MG X 10 COMP (G.C),20.46,Gracitana Medicinas
LOSARTAN POTASICO 100 MG X 10 TAB (KIMIC,16.8,Gracitana Medicinas
LOSARTAN POTASICO 100 MG X 30 TAB (BUKA),22.86,Gracitana Medicinas
LOSARTAN POTASICO 50 MG X 14 TAB (SPEFAR,18.99,Gracitana Medicinas
LOSARTAN POTASICO 50 MG X 30 (LAB BUKA  ,13.13,Gracitana Medicinas
LOSARTAN POTASICO 50 MG X 30 TAB (LA SAN,28.77,Gracitana Medicinas
LOSARTAN POTASICO 50 MG X 30 TAB (VALMOR,36.07,Gracitana Medicinas
LOSARTAN+HCTZ 100/25 MG X 10 TAB (LA SAN,23.21,Gracitana Medicinas
LOSARTAN+HCTZ 100/25 MG X 30 TAB (LA SAN,62.68,Gracitana Medicinas
LOSARTAN+HCTZ 50/12.5MG X 30 TAB (BUKA) ,22.86,Gracitana Medicinas
LUDROX (CLOPIDOGREL) 75MG X 30TAB BIOTEC,32.76,Gracitana Medicinas
LUMBAX 400 MG X 10 TAB (VARGAS)         ,18.08,Gracitana Medicinas
LUMBAX 400MG DISPEN 25 X 2 TAB (VARGAS) ,164.38,Gracitana Medicinas
LUMBAX 600 MG DISPEN 25 X 4 TAB (VARGAS),520.53,Gracitana Medicinas
LUMBAX 800 MG X 6 TAB (VARGAS)          ,45.08,Gracitana Medicinas
MADECASSOL 10 MG X 30 TAB               ,52.61,Gracitana Medicinas
MADECASSOL POLVO 2% X 10 GR             ,57.01,Gracitana Medicinas
MADECASSOL UNG 1% X 10GR                ,29.88,Gracitana Medicinas
MADECASSOL UNG 1% X 20GR                ,46.47,Gracitana Medicinas
MAILEN 2.5MG/5ML X 50ML (ROEMMERS)      ,25.13,Gracitana Medicinas
MAILEN 5 MG X 10 COMP (ROEMMERS)        ,20.96,Gracitana Medicinas
MAILEN 5 MG X 30 COMP (ROEMMERS)        ,40.55,Gracitana Medicinas
MANZANILLA EN FLORES X 10GR RECETTEMARK ,12.92,Gracitana Medicinas
MARTESIA 150 MG X 14 CAP (ROEMMERS)     ,51.45,Gracitana Medicinas
MARTESIA 300MG X 14 CAP (ROEMMERS)      ,72.76,Gracitana Medicinas
MELOVAX 15 MG X 10 CAPS (VIVAX)         ,25.53,Gracitana Medicinas
MELOXICAM 15 MG X 10 TAB (LA SANTE)     ,24.39,Gracitana Medicinas
MELOXICAM 15 MG X 10 TAB (LATTAN)       ,11.34,Gracitana Medicinas
MELOXICAM 7.5 MG X 10 TAB (LA SANTE)    ,18.99,Gracitana Medicinas
MEMANTINA 10 MG X 10 TAB (FARMAMED)     ,9.23,Gracitana Medicinas
MENISTIN 16 MG X 21 TAB (VIVAX)         ,56.69,Gracitana Medicinas
"MERTHIOLATE 0,13 % TINTURA ROJA X 60 ML ",34.8,Gracitana Medicinas
"MESAMESYN (ANTICO) 3/0,02MG X28 COMP MEY",80.6,Gracitana Medicinas
METFORMINA 1000 MG X 30 COMP (SPEFAR)   ,42.92,Gracitana Medicinas
METFORMINA 1G X 30TAB (ANGELUS)         ,18.29,Gracitana Medicinas
METFORMINA 500 MG X 30 TAB (ALESS)      ,20.61,Gracitana Medicinas
METFORMINA 500 MG X 30 TAB (DAC55)      ,17.34,Gracitana Medicinas
METFORMINA 500MG X 100TAB HB BIOSCIENCE ,49.68,Gracitana Medicinas
METFORMINA 850 MG X 28 TAB (CALOX)      ,37.77,Gracitana Medicinas
METFORMINA 850 MG X 30 TAB (LAPROFF)    ,38.81,Gracitana Medicinas
METFORMINA 850 MG X 30 TAB (LATTAN)     ,13.61,Gracitana Medicinas
METFORMINA 850 MG X 30 TAB (PROCAPS)    ,31.56,Gracitana Medicinas
METFORMINA 850 MG X 300 TAB (LAPROFF)   ,337.83,Gracitana Medicinas
METILCANFOR (SALICIATO DE METILO)       ,23.93,Gracitana Medicinas
METOCLOPRAMIDA 10 MG X 300 TAB (LAPROFF),191.64,Gracitana Medicinas
METREN 500 MG X 10 CAP BLANDAS VAGINALES,30.25,Gracitana Medicinas
METRONIDAZOL BENZOIL 125-5MG X 120 ML   ,25.76,Gracitana Medicinas
METRONIDAZOL BENZOIL 250 MG X 120 ML    ,29.17,Gracitana Medicinas
METRONIDAZOL OVULOS VAG 500MG X 10 OVULO,34.81,Gracitana Medicinas
METRONIDAZOL+MICONAZOL 750/200MG X 7 OVU,64.67,Gracitana Medicinas
METROVAX 500 MG X 15 CAP (VIVAX)        ,41.82,Gracitana Medicinas
METROZOL 500 MG X 20 TAB (VINCENTI)     ,33.99,Gracitana Medicinas
METSIGLIN 500 / 50 MG X 10 COMP (RONAVA),40.96,Gracitana Medicinas
MICOFLUX (FLUCONAZOL) 150MG X 2CAP DOLLD,11.75,Gracitana Medicinas
MICONAZOL 400 MG X 3 OVULOS (ALESS)     ,29.29,Gracitana Medicinas
MIEL DE EUCALIPTO X 120 ML (RECETTE)    ,35.18,Gracitana Medicinas
MIGRADORIXINA 125/1MG X 10 TAB (ROEMMERS,51.45,Gracitana Medicinas
MILAX POLVO X 120 GR (RONAVA)           ,48.07,Gracitana Medicinas
MIRTAZAVAL 30 MG X 30 TAB (VALMORCA)    ,59.29,Gracitana Medicinas
MISULVAN 7.5 MG X 30 ML GOTAS (PLUSANDEX,12.91,Gracitana Medicinas
MOMEQ 0.1% CREMA X 15 GR (LA SANTE)     ,38.16,Gracitana Medicinas
MOXIHEM (MOXIFLOXACINO) 400MG X 100ML BA,94.3,Gracitana Medicinas
MOXVAL 400 MG X 5 TAB (VALMORCA)        ,84.48,Gracitana Medicinas
MUCLAR 30 MG /5 MG / 5 ML JAB (DOLLDER) ,24.15,Gracitana Medicinas
MUCLAR 30MG/5MG X 10 COMP (DOLLDER)     ,19.46,Gracitana Medicinas
MUCOBROL 4 MG / 5 ML JARABE X 120 ML    ,63.93,Gracitana Medicinas
MUCOMAX 15 MG X 120 ML (KIMICEG)        ,29.24,Gracitana Medicinas
MUCOMAX 30 MG X 120 ML (KIMICEG)        ,23.7,Gracitana Medicinas
MUCOMAX PLUS 5-30 MG X 60 ML (KIMICEG)  ,29.28,Gracitana Medicinas
MULTIDERM 2% X 15 GRS (BIOTECH)         ,32.16,Gracitana Medicinas
MULTIVIRAL VIT Y MIN X 30 CAP (MEYER)   ,45.58,Gracitana Medicinas
MUPROBAN 2% UNG X 15 GR (MEYER)         ,33.55,Gracitana Medicinas
MUPROBAN 2% UNG X 30 GR (MEYER)         ,65.01,Gracitana Medicinas
NACLODIN 0.150 MG X 20 TAB. (VALMORCA)  ,34.29,Gracitana Medicinas
NACUA (FUROSEMIDA) 40 MG X 12 TAB (RONAV,22.39,Gracitana Medicinas
NAFAZOL GOTAS NASALES 0.05% X 15 ML     ,22.87,Gracitana Medicinas
NAFINA CRM 1% (TERBINAFINA) X 15 GRS    ,37.04,Gracitana Medicinas
NEFROTAL 100 MG X 10 COMP (KLINOS)      ,17.15,Gracitana Medicinas
NEFROTAL 100 MG X 14 COMP (KLINOS)      ,25.14,Gracitana Medicinas
NEFROTAL H 100 MG-12.5 X 10 COMP (ROWE) ,25.14,Gracitana Medicinas
NEFROTAL H 100 MG-12.5 X 30 COMP (ROWE) ,56.89,Gracitana Medicinas
NEFROTAL H 100-25MG X 10 COMP (KLINOS)  ,29.11,Gracitana Medicinas
NEFROTAL H 100-25MG X 30 COMP (KLINOS)  ,72.76,Gracitana Medicinas
"NEFROTAL H 50MG X 12,5 MG X 14COMP KLINO",23.8,Gracitana Medicinas
NEMODINE 30 MG X 20 COMP (DOLLDER)      ,44.29,Gracitana Medicinas
NEMODINE 40 MG X 20 COMP (DOLLDER)      ,49.64,Gracitana Medicinas
NEMODINE 90 MG X 10 COMP (DOLLDER)      ,33.53,Gracitana Medicinas
NEULEVAL 500 MG X 10 TAB LEVOFLOXACINA (,84.36,Gracitana Medicinas
NEULEVAL 750 MG X 5 TAB LEVOFLOXACINA (V,58.18,Gracitana Medicinas
NEUTROX ANTIACIDO X 240 ML(BIOFARCO)    ,54.31,Gracitana Medicinas
NIMODIPINA 30MG X 30TAB (ANGELUS)       ,44.8,Gracitana Medicinas
NITAX 500 MG X 6 TAB (LA SANTE)         ,90.93,Gracitana Medicinas
NITROFURANTOINA 100 MG X 300 CAP (LAPROF,581.86,Gracitana Medicinas
NITROFURANTOINA 100MG X 10 TAB (CLEOPHAR,19.79,Gracitana Medicinas
NONAFOL 10 MG X 10 TAB (MEYER)          ,10.93,Gracitana Medicinas
NONAFOL 5 MG X 10 TAB (MEYER)           ,10.03,Gracitana Medicinas
NONAFOL GOTAS 10 MG X 15 ML (MEYER)     ,20.98,Gracitana Medicinas
NOPUCID LOCION 100ML                    ,25.49,Gracitana Medicinas
NOPUCID SHAMPOO 0.02% X 100 ML          ,24.15,Gracitana Medicinas
NORDUNI 0.15MG-0.03MG X 21 TAB (UNIPHARM,13.72,Gracitana Medicinas
NORFLOXACINO 400 MG X 300 TAB (LAPROFF) ,629.37,Gracitana Medicinas
NORSINA 500-10 MG X 12 TAB (BIOTECH)    ,31.2,Gracitana Medicinas
NORTRICOL 200 MG X 10 CAP (MEYER)       ,39.86,Gracitana Medicinas
NORTRICOL 200 MG X 20 CAP (MEYER)       ,59.79,Gracitana Medicinas
NOVACODIN 50 MG X 120ML (VARGAS)        ,33.56,Gracitana Medicinas
NOVHEPAR B12 X 90 ML (VINCENTI)         ,33.41,Gracitana Medicinas
NOXPIRIN 80 MG SOL X 15 ML (MEYER)      ,13.25,Gracitana Medicinas
NUTRAGUM FIBRA SABOR CIRUELA X 21 GOMI  ,35.77,Gracitana Medicinas
NUTRICAP (KERATINA) X 30 CAP            ,76.3,Gracitana Medicinas
NUTRIFAM X 30 CAP BLANDAS               ,75.65,Gracitana Medicinas
OFAFLAN 12.5MG SUPOS X 6 LAB ELMOR      ,33.54,Gracitana Medicinas
OFAFLAN SUSP 2MG/ML120ML (ELMOR)        ,31.82,Gracitana Medicinas
OLANZAPINA 10 MG X 14 TAB (LATTAN)      ,25.51,Gracitana Medicinas
OLMESARTAN 20 MG X 30 TAB (BUKA)        ,33.15,Gracitana Medicinas
OLMESARTAN+HCTZ 40 MG /12.5 MG X 10 TAB ,28.74,Gracitana Medicinas
OLMESARTAN/ MEDOXO 20 MG X 30 TAB (ALESS,37.44,Gracitana Medicinas
OLMESARTAN/ MEDOXO 40 MG X 30 TAB (ALESS,54.37,Gracitana Medicinas
OMEPRAZOL 20 MG CAP X 8 LA SANTE        ,14.08,Gracitana Medicinas
OMEPRAZOL 20 MG X 14 CAP (BUKA)         ,10.29,Gracitana Medicinas
OMEPRAZOL 20 MG X 20 CAP (DAC55)        ,12.53,Gracitana Medicinas
OMEPRAZOL 20 MG X 28 CAP (CALOX)        ,36.59,Gracitana Medicinas
OMEPRAZOL 20 MG X 28 TAB (KERN PHARMA)  ,27.56,Gracitana Medicinas
OMEPRAZOL CON MICROG 20 MG X 7 (VARGAS) ,17.13,Gracitana Medicinas
OMEPRAZOL CON MICROG 20MG X 30 CAP  G.C ,47.94,Gracitana Medicinas
ONDASETRON  8 MG X 10 COMP (KLINOS)     ,59.52,Gracitana Medicinas
ONDASETRON 4 MG X 10 COMP (KLINOS)      ,42.33,Gracitana Medicinas
ONDASETRON 4MG/5ML SOL ORAL X 50ML      ,51.73,Gracitana Medicinas
OPHTHARON-TD SOL OFTAMOLOGICA X 5 ML (UN,24.61,Gracitana Medicinas
ORALZINC SALES DE REHIDRA PVO MANDARINA ,36.02,Gracitana Medicinas
ORLIDIET 120 MG X 30 CAP (ROEMMERS)     ,158.77,Gracitana Medicinas
ORLIDIET 60 MG X 30 CAP (ROEMMERS)      ,92.61,Gracitana Medicinas
OSTEACAL 600MG X 30 TAB (MEYER)         ,24.39,Gracitana Medicinas
OTAN SOL OTICA 5ML                      ,39.43,Gracitana Medicinas
OXCARBAZEPINA 300MG X 30TAB CLEOPHARMA  ,63.57,Gracitana Medicinas
OXCARBAZEPINA(TRILEPTAL)300 MG X 30 TAB ,91.46,Gracitana Medicinas
OXIDO DE ZINC X 25GR (RECETTERMARK)     ,10.89,Gracitana Medicinas
OXOLAMINA 28 MG/ 5 ML X 120 ML (GENCER) ,30.9,Gracitana Medicinas
OXOLAMINA 50 MG X 120 ML (GENCER)       ,31.44,Gracitana Medicinas
PANDEV (PANTOPRAZOL) 40MG X 28TAN (POLIN,39.58,Gracitana Medicinas
PANTOPRAZOL 40 MG X 14 TAB (LATTAN)     ,13.61,Gracitana Medicinas
PANTOPRAZOL 40 MG X 7 TAB (CALOX)       ,18.87,Gracitana Medicinas
PAPAVERYL GOTAS 10 MG X 30 ML (VINCENTI),57.83,Gracitana Medicinas
PARACETAMOL 1 GR X 20 TAB (KERN PHARMA) ,18.88,Gracitana Medicinas
PARACETAMOL 500MG X 100TAB (EDS-BALAXI) ,39.97,Gracitana Medicinas
PASIM 10MG SOL GOTAS X 15ML LAB KLINOS  ,37.04,Gracitana Medicinas
PASOLAX POLVO SOL ORAL X 100 GR (MEYER) ,36.48,Gracitana Medicinas
PEREBRON 28MG/5ML JAB FRAM X 120 ML ELMO,25.05,Gracitana Medicinas
PEREBRON 28MG/5ML JAB M/L X 120ML (ELMOR,28.83,Gracitana Medicinas
PERMETRINA 5% LOCION X 60 ML (DYNALAB)  ,24.81,Gracitana Medicinas
PERTEN 1% GEL X 20 GR (MEYER)           ,29.08,Gracitana Medicinas
PERTEN 250 MG X 20 TAB (MEYER)          ,66.55,Gracitana Medicinas
PIGRAL 75MG X 14 COMP (KLINOS)          ,39.12,Gracitana Medicinas
PINAVERIUM BROMURO 100 MG X 20 TAB (CALO,43.59,Gracitana Medicinas
PIPERAZINA 500 MG X 120 ML (BIOQUIMICA) ,14.46,Gracitana Medicinas
PIPERZAN 10 % JBE 120 ML LAB QUIMFAR    ,18.16,Gracitana Medicinas
PIRIDOXINA 50 MG X 100 TAB (LAPROFF)    ,183.26,Gracitana Medicinas
PLAN B 0.75 MG X 2 TAB (UNIPHARMA)      ,10.28,Gracitana Medicinas
PLEXAMIN JBE 120ML LAB MEYER            ,43.12,Gracitana Medicinas
PLIDAN COMP 10MG-125MG X 10 COMP (KLINOS,62.86,Gracitana Medicinas
PLIDAN SOL GTA 10 MG X 20 ML            ,51.45,Gracitana Medicinas
POENKERAT 0.5% SOL OFT X 5ML KLINOS     ,57.3,Gracitana Medicinas
POENTOBRAL 0.3% GEL X 5 GR  (KLINOS)    ,59.39,Gracitana Medicinas
POLANTAC ANTIACIDO X 10 TAB (POLINAC)   ,16.28,Gracitana Medicinas
POLANTAC ANTIACIDO X 30 TAB (POLINAC)   ,32.19,Gracitana Medicinas
POLI OTICO GTA X 5 ML (ROWE)            ,44.87,Gracitana Medicinas
POLIFIX PVO DENTAL X 22 GRS             ,23.82,Gracitana Medicinas
PRAXONA 150 MG X 10 TAB (KLINOS)        ,34.32,Gracitana Medicinas
PRAXONA 150 MG X 24 COMP                ,52.79,Gracitana Medicinas
PREDNISOLONA 5 MG X 100 TAB (LAPROFF)   ,59.03,Gracitana Medicinas
PREDNISONA 5 MG X 10 COMP (SPEFAR)      ,18.15,Gracitana Medicinas
PREDNISONA 5 MG X 10 TAB (VALMORCA)     ,38.47,Gracitana Medicinas
PREDNISONA 50 MG X 10 TAB (GENCER)      ,38.87,Gracitana Medicinas
PREGABALINA 75 MG X 14 CAP (LATTAN)     ,22.68,Gracitana Medicinas
PREGABALINA 75MG X 56CAPS KERN PHARMA   ,76.47,Gracitana Medicinas
PRELIVAL 150 MG X 20 CAP (VALMORCA)     ,67.87,Gracitana Medicinas
PRELIVAL 75 MG X 20 CAP (VALMORCA)      ,46.08,Gracitana Medicinas
PRESIDERM 2% UNG 15G (MUPIROCINA) (KLINO,36.96,Gracitana Medicinas
PROPRANOLOL 10 MG X 20 (BIOTECH)        ,15.34,Gracitana Medicinas
PROPRANOLOL 40 MG X 10 TAB (FARMAMED)   ,8.11,Gracitana Medicinas
PROPRANOLOL 40 MG X 20 COMP (PLUSANDEX) ,11.88,Gracitana Medicinas
PROPRANOLOL 40 MG X 20 TAB (BIOTECH)    ,28.22,Gracitana Medicinas
PROSOLVIT GOTAS  X 15ML LAB KLINOS      ,54.13,Gracitana Medicinas
PROTOSULFIL 1 % CREMA X 30 GR (KLINOS)  ,54.13,Gracitana Medicinas
PROVIM X 20 GRACEAS ORALES (PLUSANDEX)  ,25.41,Gracitana Medicinas
PULMOLIX LABS 600 MG X 10 SOBRES (LA SAN,105.17,Gracitana Medicinas
QUERCETOL 500 MG X 10 TAB (MEYER)       ,60.52,Gracitana Medicinas
REDUBEN 100 MG X 10 TAB (COFASA)        ,45.72,Gracitana Medicinas
REDUGRAS X 30 CAP (BEHRENS)             ,76.44,Gracitana Medicinas
REGULIP (ROSUVASTATINA) 10MG X 30MG     ,90.87,Gracitana Medicinas
REHIDROSOL FRAMBUESA 45 X 600 ML (BEHREN,40.38,Gracitana Medicinas
REHIDROSOL FRESA 45 X 600 ML (BEHRENS)  ,40.38,Gracitana Medicinas
REHIDROSOL MANZANA 60 X 600 ML (BEHRENS),43.56,Gracitana Medicinas
REHIDROSOL UVA 45 X 600 ML (BEHRENS)    ,41.04,Gracitana Medicinas
RIDAL 1MG / ML X 20 ML GOTAS (KLINOS)   ,38.28,Gracitana Medicinas
RIDAL 1MG X 20 COMP (ROWE)              ,38.61,Gracitana Medicinas
RIDAL 2 MG COMP X 20 COMP (ROWE)        ,40.91,Gracitana Medicinas
RIDAL 3 MG X 20 COMP KLINOS             ,61.46,Gracitana Medicinas
RISPERID 1 MG X 30 COMP (ROEMMERS)      ,42.24,Gracitana Medicinas
RISPERID 2 MG X 30 COMP (ROEMMERS)      ,53.12,Gracitana Medicinas
RISPERIDONA 1 MG X 20 TAB (FARMAMED)    ,8.72,Gracitana Medicinas
RISPERIDONA 2 MG X 20 TAB (CALOX)       ,29.73,Gracitana Medicinas
RISPERIDONA 2 MG X 20 TAB (FARMAMED)    ,9.23,Gracitana Medicinas
RIVAROXABAN  10 MG X 30 COMP (SPEFAR)   ,38.94,Gracitana Medicinas
RIXIGAL 100 MG / 5ML X 100 ML (LA SANTE),128.78,Gracitana Medicinas
RIXIGAL 400 MG X 6 TAB (LA SANTE)       ,161.43,Gracitana Medicinas
ROBIMEN (COMP B) JBE X 120 ML (QUIMFAR) ,16.94,Gracitana Medicinas
RONADOL (PACETAMOL) 500MG X100TAB (UNIPH,28.58,Gracitana Medicinas
RONAVIT B12/B1/B6 X 20 CAP (RONAVA)     ,19.64,Gracitana Medicinas
ROSUVASTATINA 10 MG X 10 (LA SANTE)     ,29.6,Gracitana Medicinas
ROSUVASTATINA 20 MG X 10 TAB (LA SANTE) ,31.34,Gracitana Medicinas
ROSUVASTATINA 20 MG X 30 TAB (LATTAN)   ,45.36,Gracitana Medicinas
ROSUVASTATINA 20MG X 30TAB (ANGELUS)    ,35.9,Gracitana Medicinas
ROVARTAL 10MG X 30 COMP (KLINOS)        ,64.27,Gracitana Medicinas
ROWELUK 5 MG X 10 COMP (KLINOS)         ,17.15,Gracitana Medicinas
SALBUROL 0.5% X 20 ML (VALMORCA)        ,49.74,Gracitana Medicinas
SALBUTAMOL 2 MG X 120 ML JAB (LAPROFF)  ,17.33,Gracitana Medicinas
SALRES 100 MG (SALBUTAMOL) AEROSOL INHAL,47.07,Gracitana Medicinas
SARIFAN COMPOSITUM X 20 TAB             ,47.79,Gracitana Medicinas
SAVER 500 MG X 5 COMP (ELMOR)           ,27.36,Gracitana Medicinas
SAX DUCHA FCO 135 ML C/CANULA VAG       ,29.15,Gracitana Medicinas
SAXACID DUCHA VAG 135ML C/C (BIOTECH)   ,27.06,Gracitana Medicinas
SECNIDAZOL 1 G X 2 TAB (VIVAX)          ,16.19,Gracitana Medicinas
SECNIDAZOL 1 GR X 2 TAB (CALOX)         ,20.93,Gracitana Medicinas
SECNIDAZOL 500 MG X 4 TAB (KIMICEG)     ,14.35,Gracitana Medicinas
SEDIVAL X 30 TAB                        ,50.16,Gracitana Medicinas
SELENE 400UI-70CMG X 30 CAP BLANDAS (VIV,62.75,Gracitana Medicinas
SERLINE 100 MG X 10 COMP (ROWE)         ,55.89,Gracitana Medicinas
SERLINE 50 MG X 10 COMP (ROWE)          ,34.93,Gracitana Medicinas
SERTRALINA 50 MG X 10 TAB (COLMED)      ,24.8,Gracitana Medicinas
SERTRALINA 50 MG X 10 TAB (LA SANTE)    ,20.98,Gracitana Medicinas
SERTRALINA 50 MG X 10 TAB (LATTAN)      ,10.21,Gracitana Medicinas
SERTRALINA 50 MG X 20 TAB (FARMAMED)    ,13.89,Gracitana Medicinas
SESAREN XR 150MG X 15 CAPS (KLINOS)     ,178.84,Gracitana Medicinas
SILDENAFIL 50 MG X 1 TAB (LA SANTE)     ,7.2,Gracitana Medicinas
SILDENAFIL 50 MG X 1 TAB MEYER          ,9.13,Gracitana Medicinas
SILDENAFIL 50 MG X 2 TAB MEYER          ,11.87,Gracitana Medicinas
SILDENAFIL 50 MG X 4 TAB MEYER          ,19.18,Gracitana Medicinas
SILDENAFILO 50 MG X 2 COMP (SPEFAR)     ,6.92,Gracitana Medicinas
SILDEX 100MG X 1 TAB PLUSANDEX          ,3.95,Gracitana Medicinas
SILDEX 50 MG X 1 TAB. (PLUSANDEX)       ,3.63,Gracitana Medicinas
SINUTIL GOTAS 80 MG X 30 ML (VINCENTI)  ,30.76,Gracitana Medicinas
SITAGLIPTINA 100MG X 30TAB (LATTAN)     ,90.69,Gracitana Medicinas
SOLICAN (MELOXICAN) 15 MG X 10 TAB      ,19.05,Gracitana Medicinas
SOLUCION CLOR DE SODIO 0.45% X 500ML BAL,18.85,Gracitana Medicinas
SOLUNOVAR 0.05% SOL BUCAL X 240 ML      ,37.4,Gracitana Medicinas
SOLUNOVAR COMPUESTO SOL 120 ML(LAB VINCE,41.63,Gracitana Medicinas
SUEROLITO 75 MEQ X 400 ML CHICLE (BALKER,22.86,Gracitana Medicinas
SUEROLITO 75 MEQ X 400 ML COCO (BALKER) ,22.86,Gracitana Medicinas
SUEROLITO 75 MEQ X 400 ML FRESA (BALKER),22.86,Gracitana Medicinas
SUEROLITO 75 MEQ X 400 ML FRUIT PUNCH (B,22.86,Gracitana Medicinas
SUEROLITO 75 MEQ X 400 ML MAND (BALKER) ,22.86,Gracitana Medicinas
SUEROLITO 75 MEQ X 400 ML MANZANA (BALKE,22.86,Gracitana Medicinas
SUEROLITO 75 MEQ X 400 ML UVA (BALKER)  ,22.86,Gracitana Medicinas
SULAMP 750 MG X 14 TAB (LA SANTE)       ,168.87,Gracitana Medicinas
SULFATO FERROSO GTAS 20 ML (LAPROFF)    ,33.74,Gracitana Medicinas
SULTAMICILINA 750 MG X 10 TAB (DAC55)   ,81.65,Gracitana Medicinas
SYVIR (FAVIPIRAVIR) 200 MG X 40 TAB     ,227.83,Gracitana Medicinas
TACHIFORTE 1 GR X 20 TAB LAB ELMOR      ,18.49,Gracitana Medicinas
TACHIFORTE 650 MG X 10 TAB (ELMOR)      ,9.11,Gracitana Medicinas
TACHIPIRIN FORTE 160 MG X 120 ML (ELMOR),16.49,Gracitana Medicinas
TACHIPIRIN GTAS 100 MG X 30 ML (ELMOR)  ,23.86,Gracitana Medicinas
TACHIPIRIN SUPOSITORIO 250 MG X 6       ,21.59,Gracitana Medicinas
TADAFOX 20MG X 1 TAB VALMORCA           ,7.41,Gracitana Medicinas
TADAFOX 5 MG X 30 TAB (VALMORCA)        ,40,Gracitana Medicinas
TADALAFILO 20 MG X 1 TAB (CALOX)        ,7.54,Gracitana Medicinas
TADALAFILO 20 MG X 1 TAB (LA SANTE)     ,7.43,Gracitana Medicinas
TADALAFILO 5 MG X 28 TAB (CALOX)        ,34.27,Gracitana Medicinas
TADIFIL 20 MG X 1 TAB (KLINOS)          ,7.92,Gracitana Medicinas
TADIFIL 5 MG X 30 TAB (KLINOS)          ,43.56,Gracitana Medicinas
TALERC 10 MG X 10 COMP (DOLLDER)        ,10.32,Gracitana Medicinas
TALERC 10 MG X 20 COMP (DOLLDER)        ,12.38,Gracitana Medicinas
TALERC 10MG/ML15 ML GOTAS (DOLLDER)     ,9.39,Gracitana Medicinas
TALYSTO (TADALAFILO) 5MG X 10 TAB MASTIC,14.72,Gracitana Medicinas
TALYSTO 20 MG X 1 TAB MAST (LA SANTE)   ,7.58,Gracitana Medicinas
TALYSTO 5 MG X 30 TAB MAST (LA SANTE)   ,39.79,Gracitana Medicinas
TALZIC 10 MG X 10 COMP LAB ELMOR        ,11.96,Gracitana Medicinas
TALZIC SOL GOTAS 10MG/MLX20 ML LAB ELMOR,12.36,Gracitana Medicinas
TALZIC SOL ORAL PED 1MG/ML X 120ML      ,18.98,Gracitana Medicinas
TAMOA 250 MG X 6 COMP MAST (BIOTECH)    ,31.94,Gracitana Medicinas
TAMSULOSINA 0.4 MG X 30 CAP (ALESS)     ,53.42,Gracitana Medicinas
TAMSULOSINA 0.4 MG X 30 CAP (BUKA)      ,33.15,Gracitana Medicinas
TAMSUWELL 0.4 MG X 100 TAB (BIOSCIENCE) ,101.4,Gracitana Medicinas
TANTUM 0.15% SL TP BUCAL X 45 ML (ELMOR),52.27,Gracitana Medicinas
TANTUM 0.15% SL TP X 240 ML LAB ELMOR   ,35.62,Gracitana Medicinas
TANTUM 50 MG X 20 COMP (ELMOR)          ,23.79,Gracitana Medicinas
TAUCARON 15MG X 10 COMP (KLINOS)        ,26.57,Gracitana Medicinas
TERACE+ZINC X 24CAP (FARMA)             ,69.94,Gracitana Medicinas
TERBINAFINA 1% CREMA X 15 GR (KIMICEG)  ,21.56,Gracitana Medicinas
TERBINAFINA 250MG X 14TAB (LA SANTE)    ,54.17,Gracitana Medicinas
TIALIN 100 MG X 10 COMP (ROEMMERS)      ,55.89,Gracitana Medicinas
TIALIN 50 MG X 10 COMP (ROEMMERS)       ,34.93,Gracitana Medicinas
TIDOR 20/5MG SOL OFT X 5ML (LA SANTE)   ,47.21,Gracitana Medicinas
TILODRIN 30 MG/15ML JAB 120ML (MEYER)   ,25.32,Gracitana Medicinas
TILODRIN 4 MG X 15ML GOTAS              ,18.01,Gracitana Medicinas
TIMOLOL 0.5% SOL OFT X 10ML (LIALI-ALEYM,14.74,Gracitana Medicinas
TIMOLOL 0.5%/5ML SOL OFTALMICA (UNIPHARM,17.15,Gracitana Medicinas
TIOCHAX PLUX 400-4MG X 10 TAB PLUSANDEX ,24.3,Gracitana Medicinas
TIOCOL 8 MG X 10 TAB (LA SANTE)         ,28.36,Gracitana Medicinas
TIOCOLCHICOSIDO 4 MG X 10 TAB (LA SANTE),25.16,Gracitana Medicinas
TIOCOLCHICOSIDO 4 MG X 12 TAB (CALOX)   ,34.78,Gracitana Medicinas
TIOCOLCHICOSIDO 4MG X 10 TAB (DAC55)    ,17.26,Gracitana Medicinas
TIOCOLFEN 600 MG-4 MG X 15 TAB LA SANT  ,61.11,Gracitana Medicinas
TIZAFEN 350/2 MG X 20 TAB (MEYER)       ,53.74,Gracitana Medicinas
TIZANIDINA 2 MG X 30 TAB (LATTAN)       ,56.69,Gracitana Medicinas
TONUM 1 MG / 100 ML SUSP (BIOTECH)      ,25.03,Gracitana Medicinas
TONUM 10 MG X 30 TAB (BIOTECH)          ,25.01,Gracitana Medicinas
TORIVAS 100 MG X 10 TAB (CALOX)         ,35.59,Gracitana Medicinas
TORIVAS 100 MG X 30 TAB (CALOX)         ,83.01,Gracitana Medicinas
TORIVAS 50 MG X 10 TAB (CALOX)          ,23.73,Gracitana Medicinas
TRACEVAL 325MG-37.5MG X 20 TAB VALMORCA ,68.94,Gracitana Medicinas
TRACEVAL 500 MG-50 MG X 20 TAB (VALMORCA,85.73,Gracitana Medicinas
TRACTIL 4 MG X 12 TAB (RONAVA)          ,42.43,Gracitana Medicinas
TRASS 500 / 85MG TAB X 4 UND (VIVAX)    ,86.32,Gracitana Medicinas
TRIDERMARON CREMA X 15GR (UNIPHARMA)    ,26.28,Gracitana Medicinas
TRIDETARMON CREMA X 15GRS               ,60.1,Gracitana Medicinas
TRIMETOPRIM SULFAMETOXAZOL 40MG/200MG/5M,23.15,Gracitana Medicinas
TRIPUR (BACTRON) 80 /400 X 20 TAB ELTER ,26.58,Gracitana Medicinas
UDOX 75 MG X 10 CAP LAB DOLLDER         ,27.68,Gracitana Medicinas
UDOX 75 MG X 20 CAP (DOLLDER)           ,38.74,Gracitana Medicinas
ULCENOL 40 MG X 20 TAB (ELMOR)          ,24.86,Gracitana Medicinas
UNISTAN (LOSARTAN P) 50 MG X 20 TAB     ,11.43,Gracitana Medicinas
UNITROM AZITROMI 500XG X 3 TAB (UNIPHARM,17.15,Gracitana Medicinas
UNIXIME (CEFIXIME) 400 MG X 10 TAB (UNIP,80.02,Gracitana Medicinas
VALSARTAN + AMLODIPINA 160/10MG X 10TAB ,30.49,Gracitana Medicinas
VALSARTAN + AMLODIPINA 80/5 MG X 10 TAB ,23.43,Gracitana Medicinas
VALSARTAN 160 MG X 20 TAB (DAC55)       ,45.19,Gracitana Medicinas
VALSARTAN 80 MG X 30 TAB (BUKA)         ,30.86,Gracitana Medicinas
VALSARTAN+HCTZ 160/12.5MG X 14 TAB (GENC,57.15,Gracitana Medicinas
VALSARTAN+HCTZ 80/12.5MG X 14 TAB (SANTE,23.43,Gracitana Medicinas
VALSARTAN+HCTZ 80/12.5MG X 14 TAB (VALMO,31.48,Gracitana Medicinas
VAZKOR 10 MG X 20 TAB (POLINAC)         ,13.49,Gracitana Medicinas
VAZKOR 5 MG X 20 TAB (POLINAC)          ,10.54,Gracitana Medicinas
VEDINOR (DIOSMINA) 600 MG X 15 COMP (VAR,95.89,Gracitana Medicinas
VENTODUO (VENTIDE) 100 MCG (POLINAC)    ,83.14,Gracitana Medicinas
VERALEN (DICLOFENAC) 1.6 GEL X 20G      ,23.49,Gracitana Medicinas
VERONIQ (YASMIN-GENESA) X 21 TAB VIVAX  ,92.74,Gracitana Medicinas
VESTAX (ACETAMINOFEN) 650 MG X 10 TAB   ,9.59,Gracitana Medicinas
VIGRASOL 50 MG X 1 COMP (KLINOS)        ,7.13,Gracitana Medicinas
VIGRASOL 50 MG X 2 COMP (KLINOS)        ,12.83,Gracitana Medicinas
VITAMINA B JBE X 100ML (BALAXI)         ,13.78,Gracitana Medicinas
VITAMINA B12 250 MG X 20 CAP (KLINOS)   ,37.73,Gracitana Medicinas
VITAMINA C 100 MG X 120 ML JAB (KLINOS) ,28.58,Gracitana Medicinas
VITAMINA C 500 MG MAND X 144 TAB MAST ( ,141.83,Gracitana Medicinas
VITAMINA C 500 MG NJA MAST X 100        ,138.65,Gracitana Medicinas
VITAMINA C 500 MG NJA X 144 TAB MAST (LA,109.53,Gracitana Medicinas
VITAMINA C 500 MG TUTTI F X 100         ,109.53,Gracitana Medicinas
VITISIVAL COMPLEJO B JBE X 240ML VALMORC,66.26,Gracitana Medicinas
VITYBELL X 30 CAP (VIVAX)               ,92.02,Gracitana Medicinas
VIZERUL 150 MG X 10 COMP (DOLLDER)      ,29.06,Gracitana Medicinas
VIZERUL 150 MG X 30 COMP (DOLLDER)      ,55.34,Gracitana Medicinas
VIZERUL 75 MG X 10 COMP (DOLLDER)       ,21.46,Gracitana Medicinas
VIZERUL 75 MG X 20 COMP (DOLLDER)       ,31.83,Gracitana Medicinas
VIZERUL150 MG/10ML 120 ML (DOLLDER)     ,48.29,Gracitana Medicinas
WAMPOLE EMULSION FRESA X 240 ML         ,19.93,Gracitana Medicinas
WAMPOLE EMULSION FRESA X 360 ML         ,33.56,Gracitana Medicinas
WAMPOLE EMULSION NARANJA X 360 ML       ,33.56,Gracitana Medicinas
WAMPOLE EMULSION TUTTI FRUTI 360 ML     ,26.59,Gracitana Medicinas
WELLSPRIN 81 MG X 100 TAB HB BIOSCIENCE ,54.41,Gracitana Medicinas
XEROGRAX 120 MG X 30 CAP (LA SANTE)     ,153.34,Gracitana Medicinas
XOLATIM OFTA 20MG/5MG X 5ML POLINAC     ,46.69,Gracitana Medicinas
ZITOXIL 3% SOL X 30ML (ELMOR)           ,29.46,Gracitana Medicinas
ZOST 50 MG X 1 COMP (DOLLDER)           ,4.11,Gracitana Medicinas
ZOST 50 MG X 4 COMP (DOLLDER)           ,13.44,Gracitana Medicinas
,,Gracitana Medicinas
,,Gracitana Medicinas
,,Gracitana Medicinas
,,Gracitana Medicinas
,,Gracitana Medicinas
NOMBRE,PRECIO,Gracitana Medicinas
ACIDO TRANEXAMICO 500 MG / 5 ML (VITALIS,18.73,Gracitana Medicinas
ADRENALINA (EPINEFRINA ) 1MG/1ML (BIOSAN,3.12,Gracitana Medicinas
AGUA DESTILADA X 500 ML (BEHRENS)       ,37.68,Gracitana Medicinas
AMIKACINA 100 MG X 1 AMP (BIOSANO)      ,5.08,Gracitana Medicinas
AMIKACINA 100MG/2ML X 1 AMP (VITALIS)   ,5.86,Gracitana Medicinas
AMIKACINA 500 MG/2 ML X 1 AMP (BIOSANO) ,9.53,Gracitana Medicinas
AMIKACINA 500 MG/2ML X 1 AMP (VITALIS)  ,9.71,Gracitana Medicinas
AMINOFILINA 250 MG / 10 ML AMP (BIOSANO),9.9,Gracitana Medicinas
AMIODARONA 150MG/3ML AMP (BIOSANO)      ,7.55,Gracitana Medicinas
AMPICILINA 1 GR  X 1 AMP (VITALIS)      ,5.69,Gracitana Medicinas
AMPICILINA 500 MG X 1 AMP (VITALIS)     ,4.99,Gracitana Medicinas
AMPICILINA+SULBACTAM 1.5 GR (EL MORRO   ,7.31,Gracitana Medicinas
AMPICILINA+SULBACTAM 1.5 GR (VITALIS)   ,10.31,Gracitana Medicinas
AZTREONAM 1 G AMP (VITALIS)             ,65.48,Gracitana Medicinas
BACTRIZOL 5 MG X 100 ML (BEHERNS)       ,47.31,Gracitana Medicinas
BEHKACIN 500 MG X 1 AMP (BEHRENS)       ,22.87,Gracitana Medicinas
BEPROSPEN 7 MG X 1 AMP (BIOTECH)        ,66.29,Gracitana Medicinas
BICARBONATO DE SODIO 5% X 100 ML BEHRENS,37.14,Gracitana Medicinas
CEFALOTINA 1 GR AMPOLLA (VITALIS)       ,10.44,Gracitana Medicinas
CEFALOTINA 1 GR X 1 AMP (EL MORRO)      ,8.51,Gracitana Medicinas
CEFAZOLINA 1 G X 1 AMP (EL MORRO)       ,8.49,Gracitana Medicinas
CEFAZOLINA 1G. X 1 VIAL (VITALIS)       ,11.28,Gracitana Medicinas
CEFEPIMA 1 GR X 1 AMP (VITALIS)         ,22.95,Gracitana Medicinas
CEFOTAXIMA 1G I.M I.V X 1 AMP (VITALIS) ,9.85,Gracitana Medicinas
CEFRADINA 1 G AMP (VITALIS)             ,11.55,Gracitana Medicinas
CEFTAZIDIMA 1 G X 1 AMP (VITALIS)       ,21.82,Gracitana Medicinas
CEFTRIAXONA 1 GR X 1 AMP (VITALIS)      ,10.91,Gracitana Medicinas
CEFTRIAXONA SODICA 1 GR X 1AMP (HB BIOSC,7.82,Gracitana Medicinas
CIANOCOBALAMINA AMP 0.1ML/1M IM VIT B-12,3.05,Gracitana Medicinas
CICLOKAN 500 MG/5ML X 1 AMP (KLINOS)    ,37.73,Gracitana Medicinas
CIFARCAINA 1% X 100 ML (BEHRENS)        ,53.82,Gracitana Medicinas
CIFARCAINA HIPERBARA 5% X 1 AMP (BEHRENS,37.68,Gracitana Medicinas
CIPROFLOXACINA 200MG/100ML (ALFA)       ,15.28,Gracitana Medicinas
CLARITROMICINA 500 MG X 1 AMP (VITALIS) ,69.58,Gracitana Medicinas
CLENOX 40MG/0.4 ML INY VIVAX            ,60.84,Gracitana Medicinas
CLONIXINATO DE LISINA 100 MG/2 ML X 1 AM,4.92,Gracitana Medicinas
CLORFENAMINA 10 MG AMP (BIOSANO)        ,4.54,Gracitana Medicinas
CLORFENIRAMINA 10 MG X 1 AMP (BIOSANO)  ,4.53,Gracitana Medicinas
CLOXACILINA 500 MG AMP                  ,5.26,Gracitana Medicinas
COLVAL 4MG/2ML X 2 AMP (VALMORCA)       ,34.29,Gracitana Medicinas
COMPLEJO B COMP X 1 AMP (POLINAC)       ,13.9,Gracitana Medicinas
DECALONA 4 MG X 2 ML (BIOTECH)          ,18.99,Gracitana Medicinas
DEXACORT 4 MG X 2 ML X 1 AMP (BEHRENS)  ,29.59,Gracitana Medicinas
DEXAMETASONA 8 MG/2ML X 1 AMP (BIOSANO) ,3.4,Gracitana Medicinas
DEXMEDETOMIDINA 100 MG X 1 AMP (BIOSANO),60.65,Gracitana Medicinas
DIAGESIC 75 MG X 2 AMP I.M (BIOTECH)    ,44.19,Gracitana Medicinas
DICLOFENAC SODICO 75M/3ML X 1 IM/IV VITA,2.14,Gracitana Medicinas
DICLOFENAC SODICO 75MG/3ML X 1AMP HB    ,16.01,Gracitana Medicinas
DICLOFENAC SODICO 75MG/3ML X 5 AMP (QUIM,15.54,Gracitana Medicinas
DIGOXINA 0.25 MG X 2 ML AMP (NEOPHARMA) ,16.52,Gracitana Medicinas
DIPIDOL(DIPIRONA) 500 MG X 1 AMP (BEHREN,16.08,Gracitana Medicinas
DIPIRONA 1G / 2ML AMP (VITALIS)         ,1.88,Gracitana Medicinas
DIVAL 75MG/3ML X 2 AMP VALMORCA         ,24.67,Gracitana Medicinas
DOBUTAMINA 250MG/5ML (BIOSANO)          ,43.4,Gracitana Medicinas
DOMPERIDONA 10 MG X 1 AMP (BIOSANO)     ,10.02,Gracitana Medicinas
DOPAMINA 200MG/5MG AMP (BIOSANO)        ,9,Gracitana Medicinas
DROPERIDOL 5 MG X 1 AMP (BIOSANO)       ,8.3,Gracitana Medicinas
DURACAINA HIPERBARA 5MG-80MG/ML X 1AMP B,41.17,Gracitana Medicinas
EDEMID (FUROSEMIDA) 10 MG X 1 AMP       ,28.57,Gracitana Medicinas
EFEDRINA SULFATO 6% X 1 AMP (BIOSANO)   ,21.35,Gracitana Medicinas
ENOXAWELL-40 (ENOXAPARINA) 40MG JER 0.4 ,73.01,Gracitana Medicinas
ENOXAWELL-60 (ENOXAPARINA) 60MG JER 0.4M,105.58,Gracitana Medicinas
ESOMEPRAZOL 40 MG X 1 AMP (VITALIS)     ,17.26,Gracitana Medicinas
FENITOINA SODICA 250MG/5ML I.V (BIOSANO),9.36,Gracitana Medicinas
FENITOINA SODICA 50 MG X 1 AMP I.V (VITA,9.74,Gracitana Medicinas
FITOMENADIONA VIT-K IM 10MG/1ML BIOSANO ,4.76,Gracitana Medicinas
FLUCONAZOL 200MG / 100ML (ALFA)         ,20.42,Gracitana Medicinas
FLUMAZENIL 0.5 MG AMP (BIOSANO)         ,65.87,Gracitana Medicinas
FOLINATO DE CALCIO 54 MG AMP (VITALIS)  ,114.01,Gracitana Medicinas
FUNGOMAX (FLUCONAZOL) 2 MG X 100 ML BEHR,24.24,Gracitana Medicinas
FUROSEMIDA 20MG/2ML X 1 AMP (BIOSANO)   ,4,Gracitana Medicinas
GANCICLOVIR 500 MG X 1 AMP (VITALIS)    ,186.49,Gracitana Medicinas
GENTAMICINA 160 MG X 1 AMP I.M I.V (VITA,5.99,Gracitana Medicinas
GENTAMICINA 80 MG X 1 AMP (VITALIS)     ,4.12,Gracitana Medicinas
GENTAMICINA 80MG/2ML X 1 AMP (BIOSANO)  ,4.27,Gracitana Medicinas
GLICERAMIN SOL CON SET 1000MLX 1AMP (BEH,403.63,Gracitana Medicinas
GLUCONATO DE CALCIO 10% X 100 ML (BEHREN,37.15,Gracitana Medicinas
HALOPERIDOL 5 MG / 1 ML X 1 AMP (BIOSANO,10.69,Gracitana Medicinas
HIDROCORTISONA 100 MG X 1 AMP (VITALIS) ,10.06,Gracitana Medicinas
HIERRO SACARATO 100MG/5ML 1 AMP (VITALIS,22.39,Gracitana Medicinas
KETOPROFENO 100 MG X 1 AMP I.V (VITALIS),9.01,Gracitana Medicinas
KETOROLACO 30 MG/1ML X 1AMP IV.IM (BIOSA,9.73,Gracitana Medicinas
LEVODEX (LEVOFLOXACINA) 500 MG X 1 AMP  ,69.25,Gracitana Medicinas
LEVOFLOXACINA 500 MG X 1 AMP (DAC)      ,20.32,Gracitana Medicinas
LEVOFLOXACINA 500 MG X 100 ML (ALFA)    ,23.87,Gracitana Medicinas
LEVOTEC (LEVOF) 500 MG X 100 ML (BEHRENS,30.95,Gracitana Medicinas
LEVOTEC (LEVOF) 750 MG X 150 ML (BEHRENS,44.37,Gracitana Medicinas
LINCOMICINA (LINCOCIN) 600 MG X 2 ML (VI,7.66,Gracitana Medicinas
LINEZID 600 MG X 300 ML (BEHRENS)       ,133.16,Gracitana Medicinas
MEGAMOX 400MG/250ML X 1 (BEHRENS)       ,87.57,Gracitana Medicinas
MELOXICAM 15 MG / 1.5 ML AMP (VITALIS)  ,6.32,Gracitana Medicinas
MEROPENEM 1 GR X 1 AMP (VITALIS)        ,63.05,Gracitana Medicinas
MEROPENEM 500 MG X 1 AMP (EL MORRO)     ,47.4,Gracitana Medicinas
MEROPENEM 500 MG X 1 AMP I.V (VITALIS)  ,56.29,Gracitana Medicinas
METILPREDNISOLONA 500 MG AMP (VITALIS)  ,61.82,Gracitana Medicinas
METOCLOPRAMIDA 10MG/2ML IM/IV (BIOSANO) ,2.74,Gracitana Medicinas
N-BUTIL+ DIPIRONA 20 MG X 1 AMP (VITALIS,9.86,Gracitana Medicinas
N-BUTILBROMURO+METAMIZOL X 1 AMP (BIOSAN,9.97,Gracitana Medicinas
NOXIPAR (ENOXAPARINA) 20MG X 2 JERINGA  ,141.46,Gracitana Medicinas
NOXIPAR (ENOXAPARINA) 60 MG X 2 JERINGA ,182.87,Gracitana Medicinas
NOXIPAR (ENOXAPARINA) 80 MG 2 JERINGA   ,219.39,Gracitana Medicinas
NUTRAMIN 8.5% X 500 ML (BEHRENS)        ,258.24,Gracitana Medicinas
OMEPRAZOL 40 MG AMP I.V (BIOSCIENCE)    ,9.11,Gracitana Medicinas
OMEPRAZOL 40 MG AMP IV (EDS-CLINIMED)   ,7.95,Gracitana Medicinas
OMEPRAZOL 40 MG AMP IV (ELMORRO)        ,9.09,Gracitana Medicinas
OMEPRAZOL 40MG/1ML X 1AMP (LIALI)       ,9.05,Gracitana Medicinas
OMEPRUNI (OMEPRAZOL) AMP 40MG           ,10.77,Gracitana Medicinas
ONDATRIN 4 MG X 2 ML X 5 AMP (BEHRENS)  ,221.74,Gracitana Medicinas
ONDATRIN 8 MG X 4 ML (BEHRENS)          ,35.67,Gracitana Medicinas
OXACILINA 1 GR X 1 AMP (EL MORRO)       ,5.06,Gracitana Medicinas
OXACILINA 1 GR X 1 AMP (VITALIS)        ,7.78,Gracitana Medicinas
PARGEVERINA (PLIDAN) 5 MG X 1 AMP (BIOSA,10.45,Gracitana Medicinas
PENICILINA AMP 1.000.000 I.M/I.V (MORRO),2.32,Gracitana Medicinas
PENICILINA AMP 1.200.000 UI (MORRO)     ,3.14,Gracitana Medicinas
PENICILINA AMP 1.200.000 UI (VITALIS)   ,5.99,Gracitana Medicinas
PENICILINA AMP 2.400.000 UI (MORRO)     ,7.31,Gracitana Medicinas
PENICILINA AMP 2.400.000 UI (VITALIS)   ,8.4,Gracitana Medicinas
PENICILINA AMP 6.3.3 UI (MORRO)         ,4.22,Gracitana Medicinas
PIPERACILINA-TAZOBACTAM 4.5 MG AMP I.V V,52.73,Gracitana Medicinas
PIRIDOXINA (VIT B-6) 100MG AMP (BIOSANO),2.25,Gracitana Medicinas
POLIAMIN 10% X 500 ML (BEHRENS)         ,258.3,Gracitana Medicinas
SEDACONS 100MCG/ML 2ML X 1AMP (BEHRENS) ,80.67,Gracitana Medicinas
SULFATO DE MAGNESIO 25% X 1 AMP (BIOSANO,17.56,Gracitana Medicinas
SULFATO DE ZINC 0.88%/10 ML AMP (BIOSANO,8.14,Gracitana Medicinas
"SUXIM 1G-0,5 CEFOPERAZONA/SULBAC AMP X1 ",17.82,Gracitana Medicinas
TIAMINA VIT B1 30MG/1ML AMP (BIOSANO)   ,2.83,Gracitana Medicinas
TREXAWELL 500 MG/5 ML (CICLOKAN) X 1 AMP,9.1,Gracitana Medicinas
TRIMETOPRIM+SULF 400/80/ 5ML X 1AMP (VIT,18.21,Gracitana Medicinas
VANCINA (VANCOMICINA) 500MG X 1 AMP ALES,22.89,Gracitana Medicinas
VANCOMICINA 500 MG X 1 AMP (EL MORRO)   ,17.69,Gracitana Medicinas
VANCOMICINA 500 MG X 1 AMP (VITALIS)    ,19.09,Gracitana Medicinas
VITAMINA C 100MG / ML X 3AMP 5ML (KLINOS,57.3,Gracitana Medicinas
VITAMINA C 500MG/2ML X 1AMP (LIALI)     ,9.16,Gracitana Medicinas
WELL-VIT MULTIVITAMINICA X 10ML AMP     ,53.79,Gracitana Medicinas
,,Gracitana Medicinas
,,Gracitana Medicinas
,,Gracitana Medicinas
,,Gracitana Medicinas
,,Gracitana Medicinas
,,Gracitana Medicinas
NOMBRE,PRECIO,Gracitana Medicinas
ACETAMINOFEN+TRAMADOL 352-37.5MG X 30 DA,27.23,Gracitana Medicinas
ALPRAM 0.5 MG X 30 TAB (VALMORCA)       ,27.42,Gracitana Medicinas
ALPRAM 1 MG X 30 TAB (VALMORCA)         ,39.11,Gracitana Medicinas
ALPRAM 2 MG X 30 TAB (VALMORCA)         ,53.49,Gracitana Medicinas
ALPRAZOLAM 1 MG X 30 TAB (DAC55)        ,19.82,Gracitana Medicinas
ALPRAZOLAM 2 MG X 30 TAB (DAC55)        ,21.07,Gracitana Medicinas
CLONAZEPAM 2 MG X 30 TAB (DAC55)        ,25.99,Gracitana Medicinas
CLONZEP 0.5 MG X 30 TAB (VALMORCA)      ,34.02,Gracitana Medicinas
CLONZEP 2 MG X 30 TAB (VALMORCA)        ,57.42,Gracitana Medicinas
FLURALEMA 15 MG X 30 CAP (BIOTECH)      ,44.74,Gracitana Medicinas
GARDENAL 100 MG X 30 COMP (CALOX)       ,56.47,Gracitana Medicinas
MIDAZOLAM 15 MG / 3 ML AMP (BIOSANO)    ,33.94,Gracitana Medicinas
MORFINA CHT 10 MG / 1 ML (BIOSANO)      ,10.74,Gracitana Medicinas
TRAMADOL CLORHIDRATO 100 MG / 2 ML AMP  ,13.19,Gracitana Medicinas
VALPIZOP (ZOLPIDEM) 10 MG X 20 TAB (VALM,38.13,Gracitana Medicinas
,,Gracitana Medicinas
